C51 COMPILER V9.60.7.0   PIC                                                               06/24/2025 13:36:27 PAGE 1   


C51 COMPILER V9.60.7.0, COMPILATION OF MODULE PIC
OBJECT MODULE PLACED IN .\Objects\pic.obj
COMPILER INVOKED BY: D:\KEIL_STM32\C51\BIN\C51.EXE pic.c LARGE OPTIMIZE(8,SPEED) BROWSE DEBUG OBJECTEXTEND PRINT(.\Listi
                    -ngs\pic.lst) OBJECT(.\Objects\pic.obj)

line level    source

   1          unsigned char code tab1[]={
   2          /*-[数据排列]:从左到右从上到下 [取模方式]:横向8点左高位 [正负反色]:否
   3          图像尺寸:320x240 画布尺寸:320x240，共9600个字节-*/
   4          0x00,0x00,0x00,0x00,0x00,0x00,0x00,0x00,0x00,0x00,0x00,0x00,0x00,0x00,0x00,0x00,
   5          0x00,0x00,0x00,0x00,0x00,0x00,0x00,0x00,0x00,0x00,0x00,0x00,0x00,0x00,0x00,0x00,
   6          0x00,0x00,0x00,0x00,0x00,0x00,0x00,0x00,0x00,0x00,0x00,0x00,0x00,0x00,0x00,0x00,
   7          0x00,0x00,0x00,0x00,0x00,0x00,0x00,0x00,0x00,0x00,0x00,0x00,0x00,0x00,0x00,0x00,
   8          0x00,0x00,0x00,0x00,0x00,0x00,0x00,0x00,0x00,0x00,0x00,0x00,0x00,0x00,0x00,0x00,
   9          0x00,0x00,0x00,0x00,0x00,0x00,0x00,0x00,0x3F,0xFF,0xFF,0xFF,0xFF,0xFF,0xFF,0xFF,
  10          0xFF,0xFF,0xFF,0xFF,0xFF,0xFF,0xFF,0xFF,0xFF,0xFF,0xFF,0xFF,0xFF,0xFF,0xFF,0xFF,
  11          0xFF,0xFF,0xFF,0xFF,0xFF,0xFF,0xFF,0xFE,0x00,0x00,0x00,0x00,0x00,0x00,0x00,0x00,
  12          0x1F,0xFF,0xFF,0xFF,0xFF,0xFF,0xFF,0xFF,0xFF,0xFF,0xFF,0xFF,0xFF,0xFF,0xFF,0xFF,
  13          0xFF,0xFF,0xFF,0xFF,0xFF,0xFF,0xFF,0xFF,0xFF,0xFF,0xFF,0xFF,0xFF,0xFF,0xFF,0xFE,
  14          0x00,0x00,0x00,0x00,0x00,0x00,0x00,0x00,0x1F,0xFF,0xFF,0xFF,0xFF,0xFF,0xFF,0xFF,
  15          0xFF,0xFF,0xFF,0xFF,0xFF,0xFF,0xFF,0xFF,0xFF,0xFF,0xFF,0xFF,0xFF,0xFF,0xFF,0xFF,
  16          0xFF,0xFF,0xFF,0xFF,0xFF,0xFF,0xFF,0xFC,0x00,0x00,0x00,0x00,0x00,0x00,0x00,0x00,
  17          0x1F,0xFF,0xFF,0xFF,0xFF,0xFF,0xFF,0xFF,0xFF,0xFF,0xFF,0xFF,0xFF,0xFF,0xFF,0xFF,
  18          0xFF,0xFF,0xFF,0xFF,0xFF,0xFF,0xFF,0xFF,0xFF,0xFF,0xFF,0xFF,0xFF,0xFF,0xFF,0xFC,
  19          0x00,0x00,0x00,0x00,0x00,0x00,0x00,0x00,0x0F,0x00,0x00,0x00,0x00,0x00,0x00,0x00,
  20          0x00,0x00,0x00,0x00,0x00,0x00,0x00,0x00,0x00,0x00,0x00,0x00,0x00,0x00,0x00,0x00,
  21          0x00,0x00,0x00,0x00,0x00,0x00,0x00,0x7C,0x00,0x00,0x00,0x00,0x00,0x00,0x00,0x00,
  22          0x0F,0x00,0x00,0x00,0x00,0x00,0x00,0x00,0x00,0x00,0x00,0x00,0x00,0x00,0x00,0x00,
  23          0x00,0x00,0x00,0x00,0x00,0x00,0x00,0x00,0x00,0x00,0x00,0x00,0x00,0x00,0x00,0x78,
  24          0x00,0x00,0x00,0x00,0x00,0x00,0x00,0x00,0x07,0x00,0x00,0x00,0x00,0x00,0x00,0x00,
  25          0x00,0x00,0x00,0x00,0x00,0x00,0x00,0x00,0x00,0x00,0x00,0x00,0x00,0x00,0x00,0x00,
  26          0x00,0x00,0x00,0x00,0x00,0x00,0x00,0x78,0x00,0x00,0x00,0x00,0x00,0x00,0x00,0x00,
  27          0x07,0x80,0x00,0x00,0x00,0x00,0x00,0x00,0x00,0x00,0x00,0x00,0x00,0x00,0x00,0x00,
  28          0x00,0x00,0x00,0x00,0x00,0x00,0x00,0x00,0x00,0x00,0x00,0x00,0x00,0x00,0x00,0xF0,
  29          0x00,0x00,0x00,0x00,0x00,0x00,0x00,0x00,0x03,0x80,0x00,0x00,0x00,0x00,0x00,0x00,
  30          0x00,0x00,0x00,0x00,0x00,0x00,0x00,0x00,0x00,0x00,0x00,0x00,0x00,0x00,0x00,0x00,
  31          0x00,0x00,0x00,0x00,0x00,0x00,0x00,0xE0,0x00,0x00,0x00,0x00,0x00,0x00,0x00,0x00,
  32          0x03,0xC0,0x00,0x00,0x00,0x00,0x00,0x00,0x00,0x00,0x00,0x00,0x00,0x00,0x00,0x00,
  33          0x00,0x00,0x00,0x00,0x00,0x00,0x00,0x00,0x00,0x00,0x00,0x00,0x00,0x00,0x01,0xE0,
  34          0x00,0x00,0x00,0x00,0x00,0x00,0x00,0x00,0x03,0xC0,0x00,0x00,0x00,0x00,0x00,0x00,
  35          0x00,0x00,0x00,0x00,0x00,0x00,0x00,0x00,0x00,0x00,0x00,0x00,0x00,0x00,0x00,0x00,
  36          0x00,0x00,0x00,0x00,0x00,0x00,0x01,0xC0,0x00,0x00,0x00,0x00,0x00,0x00,0x00,0x00,
  37          0x01,0xC0,0x00,0x00,0x00,0x00,0x00,0x00,0x00,0x00,0x00,0x00,0x00,0x00,0x00,0x00,
  38          0x00,0x00,0x00,0x00,0x00,0x00,0x00,0x00,0x00,0x00,0x00,0x00,0x00,0x00,0x03,0xC0,
  39          0x00,0x00,0x00,0x00,0x00,0x00,0x00,0x00,0x01,0xE0,0x00,0x00,0x00,0x00,0x00,0x00,
  40          0x00,0x00,0x00,0x00,0x00,0x00,0x00,0x00,0x00,0x00,0x00,0x00,0x00,0x00,0x00,0x00,
  41          0x00,0x00,0x00,0x00,0x00,0x00,0x03,0x80,0x00,0x00,0x00,0x00,0x00,0x00,0x00,0x00,
  42          0x00,0xE0,0x00,0x00,0x00,0x00,0x00,0x00,0x00,0x00,0x00,0x00,0x00,0x00,0x00,0x00,
  43          0x00,0x00,0x00,0x00,0x00,0x00,0x00,0x00,0x00,0x00,0x00,0x00,0x00,0x00,0x07,0x80,
  44          0x00,0x00,0x00,0x00,0x00,0x00,0x00,0x00,0x00,0xF0,0x00,0x00,0x00,0x00,0x00,0x00,
  45          0x00,0x00,0x00,0x00,0x00,0x00,0x00,0x00,0x00,0x00,0x00,0x00,0x00,0x00,0x00,0x00,
  46          0x00,0x00,0x00,0x00,0x00,0x00,0x07,0x00,0x00,0x00,0x00,0x00,0x00,0x00,0x00,0x00,
  47          0x00,0x70,0x00,0x00,0x00,0x00,0x00,0x00,0x00,0x00,0x00,0x00,0x00,0x00,0x00,0x00,
  48          0x00,0x00,0x00,0x00,0x00,0x00,0x00,0x00,0x00,0x00,0x00,0x00,0x00,0x00,0x0F,0x00,
  49          0x00,0x00,0x00,0x00,0x00,0x00,0x00,0x00,0x00,0x78,0x00,0x00,0x00,0x00,0x00,0x00,
  50          0x00,0x00,0x00,0x00,0x00,0x00,0x00,0x00,0x00,0x00,0x00,0x00,0x00,0x00,0x00,0x00,
  51          0x00,0x00,0x00,0x00,0x00,0x00,0x0E,0x00,0x00,0x00,0x00,0x00,0x00,0x00,0x00,0x00,
  52          0x00,0x38,0x00,0x00,0x00,0x00,0x00,0x00,0x00,0x00,0x00,0x00,0x00,0x00,0x00,0x00,
  53          0x00,0x00,0x00,0x00,0x00,0x00,0x00,0x00,0x00,0x00,0x00,0x00,0x00,0x00,0x1E,0x00,
  54          0x00,0x00,0x00,0x00,0x00,0x00,0x00,0x00,0x00,0x3C,0x00,0x00,0x00,0x00,0x00,0x00,
C51 COMPILER V9.60.7.0   PIC                                                               06/24/2025 13:36:27 PAGE 2   

  55          0x00,0x00,0x00,0x00,0x00,0x00,0x00,0x00,0x00,0x00,0x00,0x00,0x00,0x00,0x00,0x00,
  56          0x00,0x00,0x00,0x00,0x00,0x00,0x1C,0x00,0x00,0x00,0x00,0x00,0x00,0x00,0x00,0x00,
  57          0x00,0x3C,0x00,0x00,0x00,0x00,0x00,0x00,0x00,0x00,0x00,0x00,0x00,0x00,0x00,0x00,
  58          0x00,0x00,0x00,0x00,0x00,0x00,0x00,0x00,0x00,0x00,0x00,0x00,0x00,0x00,0x3C,0x00,
  59          0x00,0x00,0x00,0x00,0x00,0x00,0x00,0x00,0x00,0x1C,0x00,0x00,0x00,0x00,0x00,0x00,
  60          0x00,0x00,0x00,0x00,0x00,0x00,0x00,0x00,0x00,0x00,0x00,0x00,0x00,0x00,0x00,0x00,
  61          0x00,0x00,0x00,0x00,0x00,0x00,0x38,0x00,0x00,0x00,0x00,0x00,0x00,0x00,0x00,0x00,
  62          0x00,0x1E,0x00,0x03,0xFF,0xFF,0xFF,0xFF,0xFF,0x80,0x00,0x07,0xFF,0xFF,0xFF,0x00,
  63          0x00,0x00,0x1F,0xFF,0xFF,0xE0,0x00,0x00,0x03,0xFF,0xFF,0xFF,0x00,0x00,0x78,0x00,
  64          0x00,0x00,0x00,0x00,0x00,0x00,0x00,0x00,0x00,0x0E,0x00,0x01,0xFF,0xFF,0xFF,0xFF,
  65          0xFF,0x00,0x00,0x0F,0xFF,0xFF,0xFF,0x00,0x00,0x00,0x3F,0xFF,0xFF,0xE0,0x00,0x00,
  66          0x07,0xFF,0xFF,0xFF,0x00,0x00,0x70,0x00,0x00,0x00,0x00,0x00,0x00,0x00,0x00,0x00,
  67          0x00,0x0F,0x00,0x01,0xFF,0xFF,0xFF,0xFF,0xFF,0x00,0x00,0x0F,0xFF,0xFF,0xFE,0x00,
  68          0x00,0x00,0x7F,0xFF,0xFF,0xC0,0x00,0x00,0x07,0xFF,0xFF,0xFE,0x00,0x00,0xF0,0x00,
  69          0x00,0x00,0x00,0x00,0x00,0x00,0x00,0x00,0x00,0x07,0x00,0x00,0xFF,0xFF,0xFF,0xFF,
  70          0xFE,0x00,0x00,0x1F,0xFF,0xFF,0xFE,0x00,0x00,0x00,0x7F,0xFF,0xFF,0xC0,0x00,0x00,
  71          0x0F,0xFF,0xFF,0xFE,0x00,0x00,0xE0,0x00,0x00,0x00,0x00,0x00,0x00,0x00,0x00,0x00,
  72          0x00,0x07,0x80,0x00,0xFF,0xFF,0xFF,0xFF,0xFE,0x00,0x00,0x1F,0xFF,0xFF,0xFC,0x00,
  73          0x00,0x00,0xFF,0xFF,0xFF,0x80,0x00,0x00,0x0F,0xFF,0xFF,0xFC,0x00,0x01,0xE0,0x00,
  74          0x00,0x00,0x00,0x00,0x00,0x00,0x00,0x00,0x00,0x07,0x80,0x00,0x7F,0xFF,0xFF,0xFF,
  75          0xFC,0x00,0x00,0x3F,0xFF,0xFF,0xFC,0x00,0x00,0x00,0xFF,0xFF,0xFF,0x80,0x00,0x00,
  76          0x1F,0xFF,0xFF,0xFC,0x00,0x01,0xC0,0x00,0x00,0x00,0x00,0x00,0x00,0x00,0x00,0x00,
  77          0x00,0x03,0x80,0x00,0x7F,0xFF,0xFF,0xFF,0xF8,0x00,0x00,0x3F,0xFF,0xFF,0xF8,0x00,
  78          0x00,0x01,0xFF,0xFF,0xFF,0x00,0x00,0x00,0x1F,0xFF,0xFF,0xF8,0x00,0x03,0xC0,0x00,
  79          0x00,0x00,0x00,0x00,0x00,0x00,0x00,0x00,0x00,0x03,0xC0,0x00,0x3F,0xFF,0xFF,0xFF,
  80          0xF8,0x00,0x00,0x7F,0xFF,0xFF,0xF8,0x00,0x00,0x01,0xFF,0xFF,0xFF,0x00,0x00,0x00,
  81          0x3F,0xFF,0xFF,0xF8,0x00,0x03,0x80,0x00,0x00,0x00,0x00,0x00,0x00,0x00,0x00,0x00,
  82          0x00,0x01,0xC0,0x00,0x3F,0xFF,0xFF,0xFF,0xF0,0x00,0x00,0x7F,0xFF,0xFF,0xF0,0x00,
  83          0x00,0x03,0xFF,0xFF,0xFE,0x00,0x00,0x00,0x3F,0xFF,0xFF,0xF0,0x00,0x07,0x80,0x00,
  84          0x00,0x00,0x00,0x00,0x00,0x00,0x00,0x00,0x00,0x01,0xE0,0x00,0x1F,0xFF,0xFF,0xFF,
  85          0xE0,0x00,0x00,0xFF,0xFF,0xFF,0xF0,0x00,0x00,0x03,0xFF,0xFF,0xFE,0x00,0x00,0x00,
  86          0x7F,0xFF,0xFF,0xE0,0x00,0x07,0x00,0x00,0x00,0x00,0x00,0x00,0x00,0x00,0x00,0x00,
  87          0x00,0x00,0xE0,0x00,0x1F,0xFF,0xFF,0xFF,0xE0,0x00,0x00,0xFF,0xFF,0xFF,0xE0,0x00,
  88          0x00,0x07,0xFF,0xFF,0xFC,0x00,0x00,0x00,0xFF,0xFF,0xFF,0xE0,0x00,0x0F,0x00,0x00,
  89          0x00,0x00,0x00,0x00,0x00,0x00,0x00,0x00,0x00,0x00,0xF0,0x00,0x0F,0xFF,0xFF,0xFF,
  90          0xC0,0x00,0x01,0xFF,0xFF,0xFF,0xC0,0x00,0x00,0x0F,0xFF,0xFF,0xFC,0x00,0x00,0x00,
  91          0xFF,0xFF,0xFF,0xC0,0x00,0x0E,0x00,0x00,0x00,0x00,0x00,0x00,0x00,0x00,0x00,0x00,
  92          0x00,0x00,0xF0,0x00,0x0F,0xFF,0xFF,0xFF,0xC0,0x00,0x01,0xFF,0xFF,0xFF,0xC0,0x00,
  93          0x00,0x0F,0xFF,0xFF,0xF8,0x00,0x00,0x01,0xFF,0xFF,0xFF,0xC0,0x00,0x1E,0x00,0x00,
  94          0x00,0x00,0x00,0x00,0x00,0x00,0x00,0x00,0x00,0x00,0x70,0x00,0x07,0xFF,0xFF,0xFF,
  95          0x80,0x00,0x03,0xFF,0xFF,0xFF,0x80,0x00,0x00,0x1F,0xFF,0xFF,0xF0,0x00,0x00,0x01,
  96          0xFF,0xFF,0xFF,0x80,0x00,0x1C,0x00,0x00,0x00,0x00,0x00,0x00,0x00,0x00,0x00,0x00,
  97          0x00,0x00,0x78,0x00,0x07,0xFF,0xFF,0xFF,0x00,0x00,0x03,0xFF,0xFF,0xFF,0x80,0x00,
  98          0x00,0x1F,0xFF,0xFF,0xF0,0x00,0x00,0x03,0xFF,0xFF,0xFF,0x80,0x00,0x3C,0x00,0x00,
  99          0x00,0x00,0x00,0x00,0x00,0x00,0x00,0x00,0x00,0x00,0x38,0x00,0x03,0xFF,0xFF,0xFF,
 100          0x00,0x00,0x07,0xFF,0xFF,0xFF,0x00,0x00,0x00,0x3F,0xFF,0xFF,0xE0,0x00,0x00,0x03,
 101          0xFF,0xFF,0xFF,0x00,0x00,0x38,0x00,0x00,0x00,0x00,0x00,0x00,0x00,0x00,0x00,0x00,
 102          0x00,0x00,0x3C,0x00,0x01,0xFF,0xFF,0xFE,0x00,0x00,0x07,0xFF,0xFF,0xFF,0x00,0x00,
 103          0x00,0x3F,0xFF,0xFF,0xE0,0x00,0x00,0x07,0xFF,0xFF,0xFF,0x00,0x00,0x78,0x00,0x00,
 104          0x00,0x00,0x00,0x00,0x00,0x00,0x00,0x00,0x00,0x00,0x1C,0x00,0x01,0xFF,0xFF,0xFE,
 105          0x00,0x00,0x0F,0xFF,0xFF,0xFE,0x00,0x00,0x00,0x7F,0xFF,0xFF,0xC0,0x00,0x00,0x07,
 106          0xFF,0xFF,0xFE,0x00,0x00,0x70,0x00,0x00,0x00,0x00,0x00,0x00,0x00,0x00,0x00,0x00,
 107          0x00,0x00,0x1E,0x00,0x00,0xFF,0xFF,0xFC,0x00,0x00,0x0F,0xFF,0xFF,0xFE,0x00,0x00,
 108          0x00,0x7F,0xFF,0xFF,0xC0,0x00,0x00,0x0F,0xFF,0xFF,0xFE,0x00,0x00,0xF0,0x00,0x00,
 109          0x00,0x00,0x00,0x00,0x00,0x00,0x00,0x00,0x00,0x00,0x0E,0x00,0x00,0xFF,0xFF,0xF8,
 110          0x00,0x00,0x1F,0xFF,0xFF,0xFC,0x00,0x00,0x00,0xFF,0xFF,0xFF,0x80,0x00,0x00,0x0F,
 111          0xFF,0xFF,0xFC,0x00,0x00,0xE0,0x00,0x00,0x00,0x00,0x00,0x00,0x00,0x00,0x00,0x00,
 112          0x00,0x00,0x0F,0x00,0x00,0x7F,0xFF,0xF8,0x00,0x00,0x1F,0xFF,0xFF,0xFC,0x00,0x00,
 113          0x00,0xFF,0xFF,0xFF,0xFF,0xFF,0xFF,0xFF,0xFF,0xFF,0xFC,0x00,0x01,0xE0,0x00,0x00,
 114          0x00,0x00,0x00,0x00,0x00,0x00,0x00,0x00,0x00,0x00,0x0F,0x00,0x00,0x7F,0xFF,0xF0,
 115          0x00,0x00,0x3F,0xFF,0xFF,0xF8,0x00,0x00,0x01,0xFF,0xFF,0xFF,0xFF,0xFF,0xFF,0xFF,
 116          0xFF,0xFF,0xF8,0x00,0x01,0xC0,0x00,0x00,0x00,0x00,0x00,0x00,0x00,0x00,0x00,0x00,
C51 COMPILER V9.60.7.0   PIC                                                               06/24/2025 13:36:27 PAGE 3   

 117          0x00,0x00,0x07,0x00,0x00,0x3F,0xFF,0xF0,0x00,0x00,0x3F,0xFF,0xFF,0xF0,0x00,0x00,
 118          0x01,0xFF,0xFF,0xFF,0xFF,0xFF,0xFF,0xFF,0xFF,0xFF,0xF8,0x00,0x03,0xC0,0x00,0x00,
 119          0x00,0x00,0x00,0x00,0x00,0x00,0x00,0x00,0x00,0x00,0x07,0x80,0x00,0x3F,0xFF,0xE0,
 120          0x00,0x00,0x7F,0xFF,0xFF,0xF0,0x00,0x00,0x03,0xFF,0xFF,0xFF,0xFF,0xFF,0xFF,0xFF,
 121          0xFF,0xFF,0xF0,0x00,0x03,0x80,0x00,0x00,0x00,0x00,0x00,0x00,0x00,0x00,0x00,0x00,
 122          0x00,0x00,0x03,0x80,0x00,0x1F,0xFF,0xC0,0x00,0x00,0x7F,0xFF,0xFF,0xE0,0x00,0x00,
 123          0x03,0xFF,0xFF,0xFF,0xFF,0xFF,0xFF,0xFF,0xFF,0xFF,0xF0,0x00,0x07,0x80,0x00,0x00,
 124          0x00,0x00,0x00,0x00,0x00,0x00,0x00,0x00,0x00,0x00,0x03,0xC0,0x00,0x1F,0xFF,0xC0,
 125          0x00,0x00,0xFF,0xFF,0xFF,0xE0,0x00,0x00,0x07,0xFF,0xFF,0xFF,0xFF,0xFF,0xFF,0xFF,
 126          0xFF,0xFF,0xE0,0x00,0x07,0x00,0x00,0x00,0x00,0x00,0x00,0x00,0x00,0x00,0x00,0x00,
 127          0x00,0x00,0x01,0xC0,0x00,0x0F,0xFF,0x80,0x00,0x00,0xFF,0xFF,0xFF,0xC0,0x00,0x00,
 128          0x07,0xFF,0xFF,0xFF,0xFF,0xFF,0xFF,0xFF,0xFF,0xFF,0xE0,0x00,0x0F,0x00,0x00,0x00,
 129          0x00,0x00,0x00,0x00,0x00,0x00,0x00,0x00,0x00,0x00,0x01,0xE0,0x00,0x0F,0xFF,0x80,
 130          0x00,0x01,0xFF,0xFF,0xFF,0xC0,0x00,0x00,0x0F,0xFF,0xFF,0xFF,0xFF,0xFF,0xFF,0xFF,
 131          0xFF,0xFF,0xC0,0x00,0x0E,0x00,0x00,0x00,0x00,0x00,0x00,0x00,0x00,0x00,0x00,0x00,
 132          0x00,0x00,0x01,0xE0,0x00,0x07,0xFF,0x00,0x00,0x01,0xFF,0xFF,0xFF,0x80,0x00,0x00,
 133          0x1F,0xFF,0xFF,0xFF,0xFF,0xFF,0xFF,0xFF,0xFF,0xFF,0xC0,0x00,0x1E,0x00,0x00,0x00,
 134          0x00,0x00,0x00,0x00,0x00,0x00,0x00,0x00,0x00,0x00,0x00,0xE0,0x00,0x07,0xFE,0x00,
 135          0x00,0x03,0xFF,0xFF,0xFF,0x80,0x00,0x00,0x1F,0xFF,0xFF,0xFF,0xFF,0xFF,0xFF,0xFF,
 136          0xFF,0xFF,0x80,0x00,0x1C,0x00,0x00,0x00,0x00,0x00,0x00,0x00,0x00,0x00,0x00,0x00,
 137          0x00,0x00,0x00,0xF0,0x00,0x03,0xFE,0x00,0x00,0x07,0xFF,0xFF,0xFF,0x00,0x00,0x00,
 138          0x3F,0xFF,0xFF,0xFF,0xFF,0xFF,0xFF,0xFF,0xFF,0xFF,0x80,0x00,0x3C,0x00,0x00,0x00,
 139          0x00,0x00,0x00,0x00,0x00,0x00,0x00,0x00,0x00,0x00,0x00,0x70,0x00,0x03,0xFC,0x00,
 140          0x00,0x07,0xFF,0xFF,0xFF,0x00,0x00,0x00,0x3F,0xFF,0xFF,0xFF,0xFF,0xFF,0xFF,0xFF,
 141          0xFF,0xFF,0x00,0x00,0x38,0x00,0x00,0x00,0x00,0x00,0x00,0x00,0x00,0x00,0x00,0x00,
 142          0x00,0x00,0x00,0x78,0x00,0x01,0xFC,0x00,0x00,0x0F,0xFF,0xFF,0xFE,0x00,0x00,0x00,
 143          0x7F,0xFF,0xFF,0xFF,0xFF,0xFF,0xFF,0xFF,0xFF,0xFF,0x00,0x00,0x78,0x00,0x00,0x00,
 144          0x00,0x00,0x00,0x00,0x00,0x00,0x00,0x00,0x00,0x00,0x00,0x38,0x00,0x01,0xF8,0x00,
 145          0x00,0x0F,0xFF,0xFF,0xFC,0x00,0x00,0x00,0x7F,0xFF,0xFF,0xFF,0xFF,0xFF,0xFF,0xFF,
 146          0xFF,0xFE,0x00,0x00,0x70,0x00,0x00,0x00,0x00,0x00,0x00,0x00,0x00,0x00,0x00,0x00,
 147          0x00,0x00,0x00,0x3C,0x00,0x00,0xF0,0x00,0x00,0x1F,0xFF,0xFF,0xFC,0x00,0x00,0x00,
 148          0xFF,0xFF,0xFF,0xFF,0xFF,0xFF,0xFF,0xFF,0xFF,0xFC,0x00,0x00,0xF0,0x00,0x00,0x00,
 149          0x00,0x00,0x00,0x00,0x00,0x00,0x00,0x00,0x00,0x00,0x00,0x3C,0x00,0x00,0xF0,0x00,
 150          0x00,0x1F,0xFF,0xFF,0xF8,0x00,0x00,0x00,0xFF,0xFF,0xFF,0xFF,0xFF,0xFF,0xFF,0xFF,
 151          0xFF,0xFC,0x00,0x00,0xE0,0x00,0x00,0x00,0x00,0x00,0x00,0x00,0x00,0x00,0x00,0x00,
 152          0x00,0x00,0x00,0x1C,0x00,0x00,0x60,0x00,0x00,0x3F,0xFF,0xFF,0xF8,0x00,0x00,0x01,
 153          0xFF,0xFF,0xFF,0xFF,0xFF,0xFF,0xFF,0xFF,0xFF,0xF8,0x00,0x01,0xE0,0x00,0x00,0x00,
 154          0x00,0x00,0x00,0x00,0x00,0x00,0x00,0x00,0x00,0x00,0x00,0x1E,0x00,0x00,0x40,0x00,
 155          0x00,0x3F,0xFF,0xFF,0xF0,0x00,0x00,0x01,0xFF,0xFF,0xFF,0xFF,0xFF,0xFF,0xFF,0xFF,
 156          0xFF,0xF8,0x00,0x01,0xC0,0x00,0x00,0x00,0x00,0x00,0x00,0x00,0x00,0x00,0x00,0x00,
 157          0x00,0x00,0x00,0x0E,0x00,0x00,0x00,0x00,0x00,0x7F,0xFF,0xFF,0xF0,0x00,0x00,0x03,
 158          0xFF,0xFF,0xFF,0xFF,0xFF,0xFF,0xFF,0xFF,0xFF,0xF0,0x00,0x03,0xC0,0x00,0x00,0x00,
 159          0x00,0x00,0x00,0x00,0x00,0x00,0x00,0x00,0x00,0x00,0x00,0x0F,0x00,0x00,0x00,0x00,
 160          0x00,0x7F,0xFF,0xFF,0xE0,0x00,0x00,0x03,0xFF,0xFF,0xFF,0xFF,0xFF,0xFF,0xFF,0xFF,
 161          0xFF,0xF0,0x00,0x03,0x80,0x00,0x00,0x00,0x00,0x00,0x00,0x00,0x00,0x00,0x00,0x00,
 162          0x00,0x00,0x00,0x07,0x00,0x00,0x00,0x00,0x00,0xFF,0xFF,0xFF,0xE0,0x00,0x00,0x07,
 163          0xFF,0xFF,0xFF,0xFF,0xFF,0xFF,0xFF,0xFF,0xFF,0xE0,0x00,0x07,0x80,0x00,0x00,0x00,
 164          0x00,0x00,0x00,0x00,0x00,0x00,0x00,0x00,0x00,0x00,0x00,0x07,0x80,0x00,0x00,0x00,
 165          0x00,0xFF,0xFF,0xFF,0xC0,0x00,0x00,0x07,0xFF,0xFF,0xFF,0xFF,0xFF,0xFF,0xFF,0xFF,
 166          0xFF,0xE0,0x00,0x07,0x00,0x00,0x00,0x00,0x00,0x00,0x00,0x00,0x00,0x00,0x00,0x00,
 167          0x00,0x00,0x00,0x03,0x80,0x00,0x00,0x00,0x01,0xFF,0xFF,0xFF,0xC0,0x00,0x00,0x0F,
 168          0xFF,0xFF,0xFF,0xFF,0xFF,0xFF,0xFF,0xFF,0xFF,0xC0,0x00,0x0F,0x00,0x00,0x00,0x00,
 169          0x00,0x00,0x00,0x00,0x00,0x00,0x00,0x00,0x00,0x00,0x00,0x03,0xC0,0x00,0x00,0x00,
 170          0x01,0xFF,0xFF,0xFF,0x80,0x00,0x00,0x1F,0xFF,0xFF,0xFF,0xFF,0xFF,0xFF,0xFF,0xFF,
 171          0xFF,0xC0,0x00,0x0E,0x00,0x00,0x00,0x00,0x00,0x00,0x00,0x00,0x00,0x00,0x00,0x00,
 172          0x00,0x00,0x00,0x03,0xC0,0x00,0x00,0x00,0x03,0xFF,0xFF,0xFF,0x00,0x00,0x00,0x1F,
 173          0xFF,0xFF,0xFF,0xFF,0xFF,0xFF,0xFF,0xFF,0xFF,0x80,0x00,0x1E,0x00,0x00,0x00,0x00,
 174          0x00,0x00,0x00,0x00,0x00,0x00,0x00,0x00,0x00,0x00,0x00,0x01,0xC0,0x00,0x00,0x00,
 175          0x03,0xFF,0xFF,0xFF,0x00,0x00,0x00,0x3F,0xFF,0xFF,0xFF,0xFF,0xFF,0xFF,0xFF,0xFF,
 176          0xFF,0x80,0x00,0x1C,0x00,0x00,0x00,0x00,0x00,0x00,0x00,0x00,0x00,0x00,0x00,0x00,
 177          0x00,0x00,0x00,0x01,0xE0,0x00,0x00,0x00,0x07,0xFF,0xFF,0xFE,0x00,0x00,0x00,0x3F,
 178          0xFF,0xFF,0xFF,0xFF,0xFF,0xFF,0xFF,0xFF,0xFF,0x00,0x00,0x3C,0x00,0x00,0x00,0x00,
C51 COMPILER V9.60.7.0   PIC                                                               06/24/2025 13:36:27 PAGE 4   

 179          0x00,0x00,0x00,0x00,0x00,0x00,0x00,0x00,0x00,0x00,0x00,0x00,0xE0,0x00,0x00,0x00,
 180          0x07,0xFF,0xFF,0xFE,0x00,0x00,0x00,0x7F,0xFF,0xFF,0xF0,0x00,0x00,0x07,0xFF,0xFF,
 181          0xFF,0x00,0x00,0x78,0x00,0x00,0x00,0x00,0x00,0x00,0x00,0x00,0x00,0x00,0x00,0x00,
 182          0x00,0x00,0x00,0x00,0xF0,0x00,0x00,0x00,0x0F,0xFF,0xFF,0xFC,0x00,0x00,0x00,0x7F,
 183          0xFF,0xFF,0xE0,0x00,0x00,0x07,0xFF,0xFF,0xFE,0x00,0x00,0x78,0x00,0x00,0x00,0x00,
 184          0x00,0x00,0x00,0x00,0x00,0x00,0x00,0x00,0x00,0x00,0x00,0x00,0x70,0x00,0x00,0x00,
 185          0x0F,0xFF,0xFF,0xFC,0x00,0x00,0x00,0xFF,0xFF,0xFF,0xC0,0x00,0x00,0x0F,0xFF,0xFF,
 186          0xFE,0x00,0x00,0xF0,0x00,0x00,0x00,0x00,0x00,0x00,0x00,0x00,0x00,0x00,0x00,0x00,
 187          0x00,0x00,0x00,0x00,0x78,0x00,0x00,0x00,0x1F,0xFF,0xFF,0xF8,0x00,0x00,0x00,0xFF,
 188          0xFF,0xFF,0xC0,0x00,0x00,0x0F,0xFF,0xFF,0xFC,0x00,0x00,0xF0,0x00,0x00,0x00,0x00,
 189          0x00,0x00,0x00,0x00,0x00,0x00,0x00,0x00,0x00,0x00,0x00,0x00,0x78,0x00,0x00,0x00,
 190          0x1F,0xFF,0xFF,0xF8,0x00,0x00,0x01,0xFF,0xFF,0xFF,0x80,0x00,0x00,0x1F,0xFF,0xFF,
 191          0xFC,0x00,0x01,0xE0,0x00,0x00,0x00,0x00,0x00,0x00,0x00,0x00,0x00,0x00,0x00,0x00,
 192          0x00,0x00,0x00,0x00,0x38,0x00,0x00,0x00,0x3F,0xFF,0xFF,0xF0,0x00,0x00,0x01,0xFF,
 193          0xFF,0xFF,0x80,0x00,0x00,0x1F,0xFF,0xFF,0xF8,0x00,0x01,0xE0,0x00,0x00,0x00,0x00,
 194          0x00,0x00,0x00,0x00,0x00,0x00,0x00,0x00,0x00,0x00,0x00,0x00,0x3C,0x00,0x00,0x00,
 195          0x3F,0xFF,0xFF,0xF0,0x00,0x00,0x03,0xFF,0xFF,0xFF,0x00,0x00,0x00,0x3F,0xFF,0xFF,
 196          0xF8,0x00,0x03,0xC0,0x00,0x00,0x00,0x00,0x00,0x00,0x00,0x00,0x00,0x00,0x00,0x00,
 197          0x00,0x00,0x00,0x00,0x1C,0x00,0x00,0x00,0x7F,0xFF,0xFF,0xE0,0x00,0x00,0x03,0xFF,
 198          0xFF,0xFF,0x00,0x00,0x00,0x3F,0xFF,0xFF,0xF0,0x00,0x03,0xC0,0x00,0x00,0x00,0x00,
 199          0x00,0x00,0x00,0x00,0x00,0x00,0x00,0x00,0x00,0x00,0x00,0x00,0x1E,0x00,0x00,0x00,
 200          0x7F,0xFF,0xFF,0xC0,0x00,0x00,0x07,0xFF,0xFF,0xFE,0x00,0x00,0x00,0x7F,0xFF,0xFF,
 201          0xF0,0x00,0x07,0x80,0x00,0x00,0x00,0x00,0x00,0x00,0x00,0x00,0x00,0x00,0x00,0x00,
 202          0x00,0x00,0x00,0x00,0x0E,0x00,0x00,0x00,0xFF,0xFF,0xFF,0xC0,0x00,0x00,0x07,0xFF,
 203          0xFF,0xFE,0x00,0x00,0x00,0x7F,0xFF,0xFF,0xE0,0x00,0x07,0x80,0x00,0x00,0x00,0x00,
 204          0x00,0x00,0x00,0x00,0x00,0x00,0x00,0x00,0x00,0x00,0x00,0x00,0x0F,0x00,0x00,0x00,
 205          0xFF,0xFF,0xFF,0x80,0x00,0x00,0x0F,0xFF,0xFF,0xFC,0x00,0x00,0x00,0xFF,0xFF,0xFF,
 206          0xE0,0x00,0x0F,0x00,0x00,0x00,0x00,0x00,0x00,0x00,0x00,0x00,0x00,0x00,0x00,0x00,
 207          0x00,0x00,0x00,0x00,0x0F,0x00,0x00,0x01,0xFF,0xFF,0xFF,0x80,0x00,0x00,0x0F,0xFF,
 208          0xFF,0xFC,0x00,0x00,0x00,0xFF,0xFF,0xFF,0xC0,0x00,0x0F,0x00,0x00,0x00,0x00,0x00,
 209          0x00,0x00,0x00,0x00,0x00,0x00,0x00,0x00,0x00,0x00,0x00,0x00,0x07,0x00,0x00,0x03,
 210          0xFF,0xFF,0xFF,0x00,0x00,0x00,0x1F,0xFF,0xFF,0xF8,0x00,0x00,0x01,0xFF,0xFF,0xFF,
 211          0x80,0x00,0x1E,0x00,0x00,0x00,0x00,0x00,0x00,0x00,0x00,0x00,0x00,0x00,0x00,0x00,
 212          0x00,0x00,0x00,0x00,0x07,0x80,0x00,0x03,0xFF,0xFF,0xFF,0x00,0x00,0x00,0x3F,0xFF,
 213          0xFF,0xF8,0x00,0x00,0x03,0xFF,0xFF,0xFF,0x80,0x00,0x1E,0x00,0x00,0x00,0x00,0x00,
 214          0x00,0x00,0x00,0x00,0x00,0x00,0x00,0x00,0x00,0x00,0x00,0x00,0x07,0x80,0x00,0x07,
 215          0xFF,0xFF,0xFE,0x00,0x00,0x00,0x3F,0xFF,0xFF,0xF0,0x00,0x00,0x03,0xFF,0xFF,0xFF,
 216          0x00,0x00,0x3C,0x00,0x00,0x00,0x00,0x00,0x00,0x00,0x00,0x00,0x00,0x00,0x00,0x00,
 217          0x00,0x00,0x00,0x00,0x0F,0x00,0x00,0x07,0xFF,0xFF,0xFE,0x00,0x00,0x00,0x7F,0xFF,
 218          0xFF,0xF0,0x00,0x00,0x07,0xFF,0xFF,0xFF,0x00,0x00,0x3C,0x00,0x00,0x00,0x00,0x00,
 219          0x00,0x00,0x00,0x00,0x00,0x00,0x00,0x00,0x00,0x00,0x00,0x00,0x0F,0x00,0x00,0x0F,
 220          0xFF,0xFF,0xFC,0x00,0x00,0x00,0x7F,0xFF,0xFF,0xE0,0x00,0x00,0x07,0xFF,0xFF,0xFE,
 221          0x00,0x00,0x78,0x00,0x00,0x00,0x00,0x00,0x00,0x00,0x00,0x00,0x00,0x00,0x00,0x00,
 222          0x00,0x00,0x00,0x00,0x1E,0x00,0x00,0x0F,0xFF,0xFF,0xFC,0x00,0x00,0x00,0xFF,0xFF,
 223          0xFF,0xC0,0x00,0x00,0x0F,0xFF,0xFF,0xFE,0x00,0x00,0x78,0x00,0x00,0x00,0x00,0x00,
 224          0x00,0x00,0x00,0x00,0x00,0x00,0x00,0x00,0x00,0x00,0x00,0x00,0x1E,0x00,0x00,0x1F,
 225          0xFF,0xFF,0xF8,0x00,0x00,0x00,0xFF,0xFF,0xFF,0xC0,0x00,0x00,0x0F,0xFF,0xFF,0xFC,
 226          0x00,0x00,0xF0,0x00,0x00,0x00,0x00,0x00,0x00,0x00,0x00,0x00,0x00,0x00,0x00,0x00,
 227          0x00,0x00,0x00,0x00,0x3C,0x00,0x00,0x1F,0xFF,0xFF,0xF0,0x00,0x00,0x01,0xFF,0xFF,
 228          0xFF,0x80,0x00,0x00,0x1F,0xFF,0xFF,0xFC,0x00,0x00,0xF0,0x00,0x00,0x00,0x00,0x00,
 229          0x00,0x00,0x00,0x00,0x00,0x00,0x00,0x00,0x00,0x00,0x00,0x00,0x3C,0x00,0x00,0x3F,
 230          0xFF,0xFF,0xF0,0x00,0x00,0x01,0xFF,0xFF,0xFF,0x80,0x00,0x00,0x1F,0xFF,0xFF,0xF8,
 231          0x00,0x01,0xE0,0x00,0x00,0x00,0x00,0x00,0x00,0x00,0x00,0x00,0x00,0x00,0x00,0x00,
 232          0x00,0x00,0x00,0x00,0x78,0x00,0x00,0x3F,0xFF,0xFF,0xE0,0x00,0x00,0x03,0xFF,0xFF,
 233          0xFF,0x00,0x00,0x00,0x3F,0xFF,0xFF,0xF8,0x00,0x01,0xE0,0x00,0x00,0x00,0x00,0x00,
 234          0x00,0x00,0x00,0x00,0x00,0x00,0x00,0x00,0x00,0x00,0x00,0x00,0x70,0x00,0x00,0x7F,
 235          0xFF,0xFF,0xE0,0x00,0x00,0x03,0xFF,0xFF,0xFF,0x00,0x00,0x00,0x3F,0xFF,0xFF,0xF0,
 236          0x00,0x03,0xC0,0x00,0x00,0x00,0x00,0x00,0x00,0x00,0x00,0x00,0x00,0x00,0x00,0x00,
 237          0x00,0x00,0x00,0x00,0xF0,0x00,0x00,0x7F,0xFF,0xFF,0xC0,0x00,0x00,0x00,0x00,0x00,
 238          0x00,0x00,0x00,0x00,0x7F,0xFF,0xFF,0xF0,0x00,0x03,0xC0,0x00,0x00,0x00,0x00,0x00,
 239          0x00,0x00,0x00,0x00,0x00,0x00,0x00,0x00,0x00,0x00,0x00,0x00,0xE0,0x00,0x00,0xFF,
 240          0xFF,0xFF,0xC0,0x00,0x00,0x00,0x00,0x00,0x00,0x00,0x00,0x00,0x7F,0xFF,0xFF,0xE0,
C51 COMPILER V9.60.7.0   PIC                                                               06/24/2025 13:36:27 PAGE 5   

 241          0x00,0x07,0x80,0x00,0x00,0x00,0x00,0x00,0x00,0x00,0x00,0x00,0x00,0x00,0x00,0x00,
 242          0x00,0x00,0x00,0x01,0xE0,0x00,0x00,0xFF,0xFF,0xFF,0x80,0x00,0x00,0x00,0x00,0x00,
 243          0x00,0x00,0x00,0x00,0xFF,0xFF,0xFF,0xE0,0x00,0x07,0x80,0x00,0x00,0x00,0x00,0x00,
 244          0x00,0x00,0x00,0x00,0x00,0x00,0x00,0x00,0x00,0x00,0x00,0x01,0xC0,0x00,0x01,0xFF,
 245          0xFF,0xFF,0x80,0x00,0x00,0x00,0x00,0x00,0x00,0x00,0x00,0x00,0xFF,0xFF,0xFF,0xC0,
 246          0x00,0x0F,0x00,0x00,0x00,0x00,0x00,0x00,0x00,0x00,0x00,0x00,0x00,0x00,0x00,0x00,
 247          0x00,0x00,0x00,0x03,0xC0,0x00,0x01,0xFF,0xFF,0xFF,0x00,0x00,0x00,0x00,0x00,0x00,
 248          0x00,0x00,0x00,0x01,0xFF,0xFF,0xFF,0xC0,0x00,0x0F,0x00,0x00,0x00,0x00,0x00,0x00,
 249          0x00,0x00,0x00,0x00,0x00,0x00,0x00,0x00,0x00,0x00,0x00,0x03,0x80,0x00,0x03,0xFF,
 250          0xFF,0xFF,0x00,0x00,0x00,0x00,0x00,0x00,0x00,0x00,0x00,0x03,0xFF,0xFF,0xFF,0x80,
 251          0x00,0x1E,0x00,0x00,0x00,0x00,0x00,0x00,0x00,0x00,0x00,0x00,0x00,0x00,0x00,0x00,
 252          0x00,0x00,0x00,0x07,0x80,0x00,0x03,0xFF,0xFF,0xFE,0x00,0x00,0x00,0x00,0x00,0x00,
 253          0x00,0x00,0x00,0x03,0xFF,0xFF,0xFF,0x80,0x00,0x1E,0x00,0x00,0x00,0x00,0x00,0x00,
 254          0x00,0x00,0x00,0x00,0x00,0x00,0x00,0x00,0x00,0x00,0x00,0x07,0x00,0x00,0x07,0xFF,
 255          0xFF,0xFC,0x00,0x00,0x00,0x00,0x00,0x00,0x00,0x00,0x00,0x07,0xFF,0xFF,0xFF,0x00,
 256          0x00,0x3C,0x00,0x00,0x00,0x00,0x00,0x00,0x00,0x00,0x00,0x00,0x00,0x00,0x00,0x00,
 257          0x00,0x00,0x00,0x0F,0x00,0x00,0x07,0xFF,0xFF,0xFC,0x00,0x00,0x00,0x00,0x00,0x00,
 258          0x00,0x00,0x00,0x07,0xFF,0xFF,0xFF,0x00,0x00,0x3C,0x00,0x00,0x00,0x00,0x00,0x00,
 259          0x00,0x00,0x00,0x00,0x00,0x00,0x00,0x00,0x00,0x00,0x00,0x0E,0x00,0x00,0x0F,0xFF,
 260          0xFF,0xF8,0x00,0x00,0x00,0x00,0x00,0x00,0x00,0x00,0x00,0x0F,0xFF,0xFF,0xFE,0x00,
 261          0x00,0x78,0x00,0x00,0x00,0x00,0x00,0x00,0x00,0x00,0x00,0x00,0x00,0x00,0x00,0x00,
 262          0x00,0x00,0x00,0x1E,0x00,0x00,0x0F,0xFF,0xFF,0xF8,0x00,0x00,0x00,0x00,0x00,0x00,
 263          0x00,0x00,0x00,0x0F,0xFF,0xFF,0xFE,0x00,0x00,0x78,0x00,0x00,0x00,0x00,0x00,0x00,
 264          0x00,0x00,0x00,0x00,0x00,0x00,0x00,0x00,0x00,0x00,0x00,0x1C,0x00,0x00,0x1F,0xFF,
 265          0xFF,0xF0,0x00,0x00,0x00,0x00,0x00,0x00,0x00,0x00,0x00,0x1F,0xFF,0xFF,0xFC,0x00,
 266          0x00,0xF0,0x00,0x00,0x00,0x00,0x00,0x00,0x00,0x00,0x00,0x00,0x00,0x00,0x00,0x00,
 267          0x00,0x00,0x00,0x3C,0x00,0x00,0x1F,0xFF,0xFF,0xF0,0x00,0x00,0x00,0x00,0x00,0x00,
 268          0x00,0x00,0x00,0x1F,0xFF,0xFF,0xFC,0x00,0x00,0xF0,0x00,0x00,0x00,0x00,0x00,0x00,
 269          0x00,0x00,0x00,0x00,0x00,0x00,0x00,0x00,0x00,0x00,0x00,0x38,0x00,0x00,0x3F,0xFF,
 270          0xFF,0xE0,0x00,0x00,0x00,0x00,0x00,0x00,0x00,0x00,0x00,0x3F,0xFF,0xFF,0xF8,0x00,
 271          0x01,0xE0,0x00,0x00,0x00,0x00,0x00,0x00,0x00,0x00,0x00,0x00,0x00,0x00,0x00,0x00,
 272          0x00,0x00,0x00,0x78,0x00,0x00,0x3F,0xFF,0xFF,0xE0,0x00,0x00,0x00,0x00,0x00,0x00,
 273          0x00,0x00,0x00,0x3F,0xFF,0xFF,0xF0,0x00,0x01,0xE0,0x00,0x00,0x00,0x00,0x00,0x00,
 274          0x00,0x00,0x00,0x00,0x00,0x00,0x00,0x00,0x00,0x00,0x00,0x70,0x00,0x00,0x7F,0xFF,
 275          0xFF,0xC0,0x00,0x00,0x00,0x00,0x00,0x00,0x00,0x00,0x00,0x7F,0xFF,0xFF,0xF0,0x00,
 276          0x03,0xC0,0x00,0x00,0x00,0x00,0x00,0x00,0x00,0x00,0x00,0x00,0x00,0x00,0x00,0x00,
 277          0x00,0x00,0x00,0xF0,0x00,0x00,0x7F,0xFF,0xFF,0xC0,0x00,0x00,0x00,0x00,0x00,0x00,
 278          0x00,0x00,0x00,0x7F,0xFF,0xFF,0xE0,0x00,0x03,0xC0,0x00,0x00,0x00,0x00,0x00,0x00,
 279          0x00,0x00,0x00,0x00,0x00,0x00,0x00,0x00,0x00,0x00,0x01,0xE0,0x00,0x00,0xFF,0xFF,
 280          0xFF,0x80,0x00,0x00,0x00,0x00,0x00,0x00,0x00,0x00,0x00,0xFF,0xFF,0xFF,0xE0,0x00,
 281          0x07,0x80,0x00,0x00,0x00,0x00,0x00,0x00,0x00,0x00,0x00,0x00,0x00,0x00,0x00,0x00,
 282          0x00,0x00,0x01,0xE0,0x00,0x00,0xFF,0xFF,0xFF,0x00,0x00,0x00,0x00,0x00,0x00,0x00,
 283          0x00,0x00,0x00,0xFF,0xFF,0xFF,0xC0,0x00,0x07,0x80,0x00,0x00,0x00,0x00,0x00,0x00,
 284          0x00,0x00,0x00,0x00,0x00,0x00,0x00,0x00,0x00,0x00,0x03,0xC0,0x00,0x01,0xFF,0xFF,
 285          0xFF,0x00,0x00,0x00,0x00,0x00,0x00,0x00,0x00,0x00,0x01,0xFF,0xFF,0xFF,0xC0,0x00,
 286          0x0F,0x00,0x00,0x00,0x00,0x00,0x00,0x00,0x00,0x00,0x00,0x00,0x00,0x00,0x00,0x00,
 287          0x00,0x00,0x03,0xC0,0x00,0x01,0xFF,0xFF,0xFE,0x00,0x00,0x00,0x00,0x00,0x00,0x00,
 288          0x00,0x00,0x01,0xFF,0xFF,0xFF,0x80,0x00,0x0E,0x00,0x00,0x00,0x00,0x00,0x00,0x00,
 289          0x00,0x00,0x00,0x00,0x00,0x00,0x00,0x00,0x00,0x00,0x07,0x80,0x00,0x03,0xFF,0xFF,
 290          0xFE,0x00,0x00,0x00,0x00,0x00,0x00,0x00,0x00,0x00,0x03,0xFF,0xFF,0xFF,0x80,0x00,
 291          0x1E,0x00,0x00,0x00,0x00,0x00,0x00,0x00,0x00,0x00,0x00,0x00,0x00,0x00,0x00,0x00,
 292          0x00,0x00,0x07,0x80,0x00,0x03,0xFF,0xFF,0xFC,0x00,0x00,0x00,0x00,0x00,0x00,0x00,
 293          0x00,0x00,0x07,0xFF,0xFF,0xFF,0x00,0x00,0x1E,0x00,0x00,0x00,0x00,0x00,0x00,0x00,
 294          0x00,0x00,0x00,0x00,0x00,0x00,0x00,0x00,0x00,0x00,0x0F,0x00,0x00,0x07,0xFF,0xFF,
 295          0xFC,0x00,0x00,0x00,0x00,0x00,0x00,0x00,0x00,0x00,0x07,0xFF,0xFF,0xFF,0x00,0x00,
 296          0x3C,0x00,0x00,0x00,0x00,0x00,0x00,0x00,0x00,0x00,0x00,0x00,0x00,0x00,0x00,0x00,
 297          0x00,0x00,0x0F,0x00,0x00,0x07,0xFF,0xFF,0xFF,0xFF,0xFF,0xFF,0xFF,0xFF,0xFF,0xFF,
 298          0xFF,0xFF,0xFF,0xFF,0xFF,0xFE,0x00,0x00,0x38,0x00,0x00,0x00,0x00,0x00,0x00,0x00,
 299          0x00,0x00,0x00,0x00,0x00,0x00,0x00,0x00,0x00,0x00,0x1E,0x00,0x00,0x0F,0xFF,0xFF,
 300          0xFF,0xFF,0xFF,0xFF,0xFF,0xFF,0xFF,0xFF,0xFF,0xFF,0xFF,0xFF,0xFF,0xFE,0x00,0x00,
 301          0x78,0x00,0x00,0x00,0x00,0x00,0x00,0x00,0x00,0x00,0x00,0x00,0x00,0x00,0x00,0x00,
 302          0x00,0x00,0x1E,0x00,0x00,0x1F,0xFF,0xFF,0xFF,0xFF,0xFF,0xFF,0xFF,0xFF,0xFF,0xFF,
C51 COMPILER V9.60.7.0   PIC                                                               06/24/2025 13:36:27 PAGE 6   

 303          0xFF,0xFF,0xFF,0xFF,0xFF,0xFC,0x00,0x00,0x70,0x00,0x00,0x00,0x00,0x00,0x00,0x00,
 304          0x00,0x00,0x00,0x00,0x00,0x00,0x00,0x00,0x00,0x00,0x3C,0x00,0x00,0x1F,0xFF,0xFF,
 305          0xFF,0xFF,0xFF,0xFF,0xFF,0xFF,0xFF,0xFF,0xFF,0xFF,0xFF,0xFF,0xFF,0xFC,0x00,0x00,
 306          0xF0,0x00,0x00,0x00,0x00,0x00,0x00,0x00,0x00,0x00,0x00,0x00,0x00,0x00,0x00,0x00,
 307          0x00,0x00,0x3C,0x00,0x00,0x3F,0xFF,0xFF,0xFF,0xFF,0xFF,0xFF,0xFF,0xFF,0xFF,0xFF,
 308          0xFF,0xFF,0xFF,0xFF,0xFF,0xF8,0x00,0x00,0xE0,0x00,0x00,0x00,0x00,0x00,0x00,0x00,
 309          0x00,0x00,0x00,0x00,0x00,0x00,0x00,0x00,0x00,0x00,0x78,0x00,0x00,0x3F,0xFF,0xFF,
 310          0xFF,0xFF,0xFF,0xFF,0xFF,0xFF,0xFF,0xFF,0xFF,0xFF,0xFF,0xFF,0xFF,0xF8,0x00,0x01,
 311          0xE0,0x00,0x00,0x00,0x00,0x00,0x00,0x00,0x00,0x00,0x00,0x00,0x00,0x00,0x00,0x00,
 312          0x00,0x00,0x78,0x00,0x00,0x7F,0xFF,0xFF,0xFF,0xFF,0xFF,0xFF,0xFF,0xFF,0xFF,0xFF,
 313          0xFF,0xFF,0xFF,0xFF,0xFF,0xF0,0x00,0x01,0xC0,0x00,0x00,0x00,0x00,0x00,0x00,0x00,
 314          0x00,0x00,0x00,0x00,0x00,0x00,0x00,0x00,0x00,0x00,0xF0,0x00,0x00,0x7F,0xFF,0xFF,
 315          0xFF,0xFF,0xFF,0xFF,0xFF,0xFF,0xFF,0xFF,0xFF,0xFF,0xFF,0xFF,0xFF,0xF0,0x00,0x03,
 316          0xC0,0x00,0x00,0x00,0x00,0x00,0x00,0x00,0x00,0x00,0x00,0x00,0x00,0x00,0x00,0x00,
 317          0x00,0x00,0xE0,0x00,0x00,0xFF,0xFF,0xFF,0xFF,0xFF,0xFF,0xFF,0xFF,0xFF,0xFF,0xFF,
 318          0xFF,0xFF,0xFF,0xFF,0xFF,0xE0,0x00,0x03,0x80,0x00,0x00,0x00,0x00,0x00,0x00,0x00,
 319          0x00,0x00,0x00,0x00,0x00,0x00,0x00,0x00,0x00,0x01,0xE0,0x00,0x00,0xFF,0xFF,0xFF,
 320          0xFF,0xFF,0xFF,0xFF,0xFF,0xFF,0xFF,0xFF,0xFF,0xFF,0xFF,0xFF,0xFF,0xE0,0x00,0x07,
 321          0x80,0x00,0x00,0x00,0x00,0x00,0x00,0x00,0x00,0x00,0x00,0x00,0x00,0x00,0x00,0x00,
 322          0x00,0x01,0xC0,0x00,0x01,0xFF,0xFF,0xFF,0xFF,0xFF,0xFF,0xFF,0xFF,0xFF,0xFF,0xFF,
 323          0xFF,0xFF,0xFF,0xFF,0xFF,0xC0,0x00,0x07,0x00,0x00,0x00,0x00,0x00,0x00,0x00,0x00,
 324          0x00,0x00,0x00,0x00,0x00,0x00,0x00,0x00,0x00,0x03,0xC0,0x00,0x01,0xFF,0xFF,0xFF,
 325          0xFF,0xFF,0xFF,0xFF,0xFF,0xFF,0xFF,0xFF,0xFF,0xFF,0xFF,0xFF,0xFF,0xC0,0x00,0x0F,
 326          0x00,0x00,0x00,0x00,0x00,0x00,0x00,0x00,0x00,0x00,0x00,0x00,0x00,0x00,0x00,0x00,
 327          0x00,0x03,0x80,0x00,0x03,0xFF,0xFF,0xFF,0xFF,0xFF,0xFF,0xFF,0xFF,0xFF,0xFF,0xFF,
 328          0xFF,0xFF,0xFF,0xFF,0xFF,0x80,0x00,0x0E,0x00,0x00,0x00,0x00,0x00,0x00,0x00,0x00,
 329          0x00,0x00,0x00,0x00,0x00,0x00,0x00,0x00,0x00,0x07,0x80,0x00,0x03,0xFF,0xFF,0xFF,
 330          0xFF,0xFF,0xFF,0xFF,0xFF,0xFF,0xFF,0xFF,0xFF,0xFF,0xFF,0xFF,0xFF,0x80,0x00,0x1E,
 331          0x00,0x00,0x00,0x00,0x00,0x00,0x00,0x00,0x00,0x00,0x00,0x00,0x00,0x00,0x00,0x00,
 332          0x00,0x07,0x00,0x00,0x07,0xFF,0xFF,0xFF,0xFF,0xFF,0xFF,0xFF,0xFF,0xFF,0xFF,0xFF,
 333          0xFF,0xFF,0xFF,0xFF,0xFF,0x00,0x00,0x1C,0x00,0x00,0x00,0x00,0x00,0x00,0x00,0x00,
 334          0x00,0x00,0x00,0x00,0x00,0x00,0x00,0x00,0x00,0x0F,0x00,0x00,0x07,0xFF,0xFF,0xFF,
 335          0xFF,0xFF,0xFF,0xFF,0xFF,0xFF,0xFF,0xFF,0xFF,0xFF,0xFF,0xFF,0xFE,0x00,0x00,0x3C,
 336          0x00,0x00,0x00,0x00,0x00,0x00,0x00,0x00,0x00,0x00,0x00,0x00,0x00,0x00,0x00,0x00,
 337          0x00,0x0E,0x00,0x00,0x0F,0xFF,0xFF,0xFF,0xFF,0xFF,0xFF,0xFF,0xFF,0xFF,0xFF,0xFF,
 338          0xFF,0xFF,0xFF,0xFF,0xFE,0x00,0x00,0x38,0x00,0x00,0x00,0x00,0x00,0x00,0x00,0x00,
 339          0x00,0x00,0x00,0x00,0x00,0x00,0x00,0x00,0x00,0x1E,0x00,0x00,0x0F,0xFF,0xFF,0xFF,
 340          0xFF,0xFF,0xFF,0xFF,0xFF,0xFF,0xFF,0xFF,0xFF,0xFF,0xFF,0xFF,0xFC,0x00,0x00,0x78,
 341          0x00,0x00,0x00,0x00,0x00,0x00,0x00,0x00,0x00,0x00,0x00,0x00,0x00,0x00,0x00,0x00,
 342          0x00,0x1C,0x00,0x00,0x1F,0xFF,0xFF,0xFF,0xFF,0xFF,0xFF,0xFF,0xFF,0xFF,0xFF,0xFF,
 343          0xFF,0xFF,0xFF,0xFF,0xFC,0x00,0x00,0x70,0x00,0x00,0x00,0x00,0x00,0x00,0x00,0x00,
 344          0x00,0x00,0x00,0x00,0x00,0x00,0x00,0x00,0x00,0x3C,0x00,0x00,0x1F,0xFF,0xFF,0xFF,
 345          0xFF,0xFF,0xFF,0xFF,0xFF,0xFF,0xFF,0xFF,0xFF,0xFF,0xFF,0xFF,0xF8,0x00,0x00,0xF0,
 346          0x00,0x00,0x00,0x00,0x00,0x00,0x00,0x00,0x00,0x00,0x00,0x00,0x00,0x00,0x00,0x00,
 347          0x00,0x38,0x00,0x00,0x3F,0xFF,0xFF,0xFF,0xFF,0xFF,0xFF,0xFF,0xFF,0xFF,0xFF,0xFF,
 348          0xFF,0xFF,0xFF,0xFF,0xF8,0x00,0x00,0xE0,0x00,0x00,0x00,0x00,0x00,0x00,0x00,0x00,
 349          0x00,0x00,0x00,0x00,0x00,0x00,0x00,0x00,0x00,0x78,0x00,0x00,0x3F,0xFF,0xFF,0xFF,
 350          0xFF,0xFF,0xFF,0xFF,0xFF,0xFF,0xFF,0xFF,0xFF,0xFF,0xFF,0xFF,0xF0,0x00,0x01,0xE0,
 351          0x00,0x00,0x00,0x00,0x00,0x00,0x00,0x00,0x00,0x00,0x00,0x00,0x00,0x00,0x00,0x00,
 352          0x00,0x70,0x00,0x00,0x7F,0xFF,0xFF,0xFF,0xFF,0xFF,0xFF,0xFF,0xFF,0xFF,0xFF,0xFF,
 353          0xFF,0xFF,0xFF,0xFF,0xF0,0x00,0x01,0xC0,0x00,0x00,0x00,0x00,0x00,0x00,0x00,0x00,
 354          0x00,0x00,0x00,0x00,0x00,0x00,0x00,0x00,0x00,0xF0,0x00,0x00,0x7F,0xFF,0xFF,0xFF,
 355          0xFF,0xFF,0xFF,0xFF,0xFF,0xFF,0xFF,0xFF,0xFF,0xFF,0xFF,0xFF,0xE0,0x00,0x03,0xC0,
 356          0x00,0x00,0x00,0x00,0x00,0x00,0x00,0x00,0x00,0x00,0x00,0x00,0x00,0x00,0x00,0x00,
 357          0x01,0xE0,0x00,0x00,0xFF,0xFF,0xFF,0xFF,0xFF,0xFF,0xFF,0xFF,0xFF,0xFF,0xFF,0xFF,
 358          0xFF,0xFF,0xFF,0xFF,0xE0,0x00,0x03,0x80,0x00,0x00,0x00,0x00,0x00,0x00,0x00,0x00,
 359          0x00,0x00,0x00,0x00,0x00,0x00,0x00,0x00,0x01,0xE0,0x00,0x00,0xFF,0xFF,0xFF,0xFF,
 360          0xFF,0xFF,0xFF,0xFF,0xFF,0xFF,0xFF,0xFF,0xFF,0xFF,0xFF,0xFF,0xC0,0x00,0x07,0x80,
 361          0x00,0x00,0x00,0x00,0x00,0x00,0x00,0x00,0x00,0x00,0x00,0x00,0x00,0x00,0x00,0x00,
 362          0x03,0xC0,0x00,0x01,0xFF,0xFF,0xFF,0xFF,0xFF,0xFF,0xFF,0xFF,0xFF,0xFF,0xFF,0xFF,
 363          0xFF,0xFF,0xFF,0xFF,0xC0,0x00,0x07,0x00,0x00,0x00,0x00,0x00,0x00,0x00,0x00,0x00,
 364          0x00,0x00,0x00,0x00,0x00,0x00,0x00,0x00,0x03,0xC0,0x00,0x01,0xFF,0xFF,0xFF,0xFF,
C51 COMPILER V9.60.7.0   PIC                                                               06/24/2025 13:36:27 PAGE 7   

 365          0xFF,0xFF,0xFF,0xFF,0xFF,0xFF,0xFF,0xFF,0xFF,0xFF,0xFF,0xFF,0x80,0x00,0x0F,0x00,
 366          0x00,0x00,0x00,0x00,0x00,0x00,0x00,0x00,0x00,0x00,0x00,0x00,0x00,0x00,0x00,0x00,
 367          0x07,0x80,0x00,0x03,0xFF,0xFF,0xFF,0xFF,0xFF,0xFF,0xFF,0xFF,0xFF,0xFF,0xFF,0xFF,
 368          0xFF,0xFF,0xFF,0xFF,0x80,0x00,0x0E,0x00,0x00,0x00,0x00,0x00,0x00,0x00,0x00,0x00,
 369          0x00,0x00,0x00,0x00,0x00,0x00,0x00,0x00,0x07,0x80,0x00,0x00,0x00,0x00,0x00,0x00,
 370          0x00,0x00,0x00,0x00,0x00,0x00,0x00,0x00,0x00,0x00,0x00,0x00,0x00,0x00,0x1E,0x00,
 371          0x00,0x00,0x00,0x00,0x00,0x00,0x00,0x00,0x00,0x00,0x00,0x00,0x00,0x00,0x00,0x00,
 372          0x0F,0x00,0x00,0x00,0x00,0x00,0x00,0x00,0x00,0x00,0x00,0x00,0x00,0x00,0x00,0x00,
 373          0x00,0x00,0x00,0x00,0x00,0x00,0x1C,0x00,0x00,0x00,0x00,0x00,0x00,0x00,0x00,0x00,
 374          0x00,0x00,0x00,0x00,0x00,0x00,0x00,0x00,0x0F,0x00,0x00,0x00,0x00,0x00,0x00,0x00,
 375          0x00,0x00,0x00,0x00,0x00,0x00,0x00,0x00,0x00,0x00,0x00,0x00,0x00,0x00,0x3C,0x00,
 376          0x00,0x00,0x00,0x00,0x00,0x00,0x00,0x00,0x00,0x00,0x00,0x00,0x00,0x00,0x00,0x00,
 377          0x1E,0x00,0x00,0x00,0x00,0x00,0x00,0x00,0x00,0x00,0x00,0x00,0x00,0x00,0x00,0x00,
 378          0x00,0x00,0x00,0x00,0x00,0x00,0x38,0x00,0x00,0x00,0x00,0x00,0x00,0x00,0x00,0x00,
 379          0x00,0x00,0x00,0x00,0x00,0x00,0x00,0x00,0x1E,0x00,0x00,0x00,0x00,0x00,0x00,0x00,
 380          0x00,0x00,0x00,0x00,0x00,0x00,0x00,0x00,0x00,0x00,0x00,0x00,0x00,0x00,0x78,0x00,
 381          0x00,0x00,0x00,0x00,0x00,0x00,0x00,0x00,0x00,0x00,0x00,0x00,0x00,0x00,0x00,0x00,
 382          0x3C,0x00,0x00,0x00,0x00,0x00,0x00,0x00,0x00,0x00,0x00,0x00,0x00,0x00,0x00,0x00,
 383          0x00,0x00,0x00,0x00,0x00,0x00,0x70,0x00,0x00,0x00,0x00,0x00,0x00,0x00,0x00,0x00,
 384          0x00,0x00,0x00,0x00,0x00,0x00,0x00,0x00,0x3C,0x00,0x00,0x00,0x00,0x00,0x00,0x00,
 385          0x00,0x00,0x00,0x00,0x00,0x00,0x00,0x00,0x00,0x00,0x00,0x00,0x00,0x00,0xF0,0x00,
 386          0x00,0x00,0x00,0x00,0x00,0x00,0x00,0x00,0x00,0x00,0x00,0x00,0x00,0x00,0x00,0x00,
 387          0x78,0x00,0x00,0x00,0x00,0x00,0x00,0x00,0x00,0x00,0x00,0x00,0x00,0x00,0x00,0x00,
 388          0x00,0x00,0x00,0x00,0x00,0x00,0xE0,0x00,0x00,0x00,0x00,0x00,0x00,0x00,0x00,0x00,
 389          0x00,0x00,0x00,0x00,0x00,0x00,0x00,0x00,0x78,0x00,0x00,0x00,0x00,0x00,0x00,0x00,
 390          0x00,0x00,0x00,0x00,0x00,0x00,0x00,0x00,0x00,0x00,0x00,0x00,0x00,0x01,0xE0,0x00,
 391          0x00,0x00,0x00,0x00,0x00,0x00,0x00,0x00,0x00,0x00,0x00,0x00,0x00,0x00,0x00,0x00,
 392          0xF0,0x00,0x00,0x00,0x00,0x00,0x00,0x00,0x00,0x00,0x00,0x00,0x00,0x00,0x00,0x00,
 393          0x00,0x00,0x00,0x00,0x00,0x01,0xC0,0x00,0x00,0x00,0x00,0x00,0x00,0x00,0x00,0x00,
 394          0x00,0x00,0x00,0x00,0x00,0x00,0x00,0x00,0xE0,0x00,0x00,0x00,0x00,0x00,0x00,0x00,
 395          0x00,0x00,0x00,0x00,0x00,0x00,0x00,0x00,0x00,0x00,0x00,0x00,0x00,0x03,0xC0,0x00,
 396          0x00,0x00,0x00,0x00,0x00,0x00,0x00,0x00,0x00,0x00,0x00,0x00,0x00,0x00,0x00,0x01,
 397          0xE0,0x00,0x00,0x00,0x00,0x00,0x00,0x00,0x00,0x00,0x00,0x00,0x00,0x00,0x00,0x00,
 398          0x00,0x00,0x00,0x00,0x00,0x03,0x80,0x00,0x00,0x00,0x00,0x00,0x00,0x00,0x00,0x00,
 399          0x00,0x00,0x00,0x00,0x00,0x00,0x00,0x01,0xC0,0x00,0x00,0x00,0x00,0x00,0x00,0x00,
 400          0x00,0x00,0x00,0x00,0x00,0x00,0x00,0x00,0x00,0x00,0x00,0x00,0x00,0x07,0x80,0x00,
 401          0x00,0x00,0x00,0x00,0x00,0x00,0x00,0x00,0x00,0x00,0x00,0x00,0x00,0x00,0x00,0x03,
 402          0xC0,0x00,0x00,0x00,0x00,0x00,0x00,0x00,0x00,0x00,0x00,0x00,0x00,0x00,0x00,0x00,
 403          0x00,0x00,0x00,0x00,0x00,0x07,0x00,0x00,0x00,0x00,0x00,0x00,0x00,0x00,0x00,0x00,
 404          0x00,0x00,0x00,0x00,0x00,0x00,0x00,0x03,0xC0,0x00,0x00,0x00,0x00,0x00,0x00,0x00,
 405          0x00,0x00,0x00,0x00,0x00,0x00,0x00,0x00,0x00,0x00,0x00,0x00,0x00,0x0F,0x00,0x00,
 406          0x00,0x00,0x00,0x00,0x00,0x00,0x00,0x00,0x00,0x00,0x00,0x00,0x00,0x00,0x00,0x07,
 407          0xFF,0xFF,0xFF,0xFF,0xFF,0xFF,0xFF,0xFF,0xFF,0xFF,0xFF,0xFF,0xFF,0xFF,0xFF,0xFF,
 408          0xFF,0xFF,0xFF,0xFF,0xFF,0xFE,0x00,0x00,0x00,0x00,0x00,0x00,0x00,0x00,0x00,0x00,
 409          0x00,0x00,0x00,0x00,0x00,0x00,0x00,0x07,0xFF,0xFF,0xFF,0xFF,0xFF,0xFF,0xFF,0xFF,
 410          0xFF,0xFF,0xFF,0xFF,0xFF,0xFF,0xFF,0xFF,0xFF,0xFF,0xFF,0xFF,0xFF,0xFE,0x00,0x00,
 411          0x00,0x00,0x00,0x00,0x00,0x00,0x00,0x00,0x00,0x00,0x00,0x00,0x00,0x00,0x00,0x0F,
 412          0xFF,0xFF,0xFF,0xFF,0xFF,0xFF,0xFF,0xFF,0xFF,0xFF,0xFF,0xFF,0xFF,0xFF,0xFF,0xFF,
 413          0xFF,0xFF,0xFF,0xFF,0xFF,0xFC,0x00,0x00,0x00,0x00,0x00,0x00,0x00,0x00,0x00,0x00,
 414          0x00,0x00,0x00,0x00,0x00,0x00,0x00,0x0F,0xFF,0xFF,0xFF,0xFF,0xFF,0xFF,0xFF,0xFF,
 415          0xFF,0xFF,0xFF,0xFF,0xFF,0xFF,0xFF,0xFF,0xFF,0xFF,0xFF,0xFF,0xFF,0xFC,0x00,0x00,
 416          0x00,0x00,0x00,0x00,0x00,0x00,0x00,0x00,0x00,0x00,0x00,0x00,0x00,0x00,0x00,0x00,
 417          0x00,0x00,0x00,0x00,0x00,0x00,0x00,0x00,0x00,0x00,0x00,0x00,0x00,0x00,0x00,0x00,
 418          0x00,0x00,0x00,0x00,0x00,0x00,0x00,0x00,0x00,0x00,0x00,0x00,0x00,0x00,0x00,0x00,
 419          0x00,0x00,0x00,0x00,0x00,0x00,0x00,0x00,0x00,0x00,0x00,0x00,0x00,0x00,0x00,0x00,
 420          0x00,0x00,0x00,0x00,0x00,0x00,0x00,0x00,0x00,0x00,0x00,0x00,0x00,0x00,0x00,0x00,
 421          0x00,0x00,0x00,0x00,0x00,0x00,0x00,0x00,0x00,0x00,0x00,0x00,0x00,0x00,0x00,0x00,
 422          0x00,0x00,0x00,0x00,0x00,0x00,0x00,0x00,0x00,0x00,0x00,0x00,0x00,0x00,0x00,0x00,
 423          0x00,0x00,0x00,0x00,0x00,0x00,0x00,0x00,0x00,0x00,0x00,0x00,0x00,0x00,0x00,0x00,
 424          0x00,0x00,0x00,0x00,0x00,0x00,0x00,0x00,0x00,0x00,0x00,0x00,0x00,0x00,0x00,0x00,
 425          0x00,0x00,0x00,0x00,0x00,0x00,0x00,0x00,0x00,0x00,0x00,0x00,0x00,0x00,0x00,0x00,
 426          0x00,0x00,0x00,0x00,0x00,0x00,0x00,0x00,0x00,0x00,0x00,0x00,0x00,0x00,0x00,0x00,
C51 COMPILER V9.60.7.0   PIC                                                               06/24/2025 13:36:27 PAGE 8   

 427          0x00,0x00,0x00,0x00,0x00,0x00,0x00,0x00,0x00,0x00,0x00,0x00,0x00,0x00,0x00,0x00,
 428          0x00,0x00,0x00,0x00,0x00,0x00,0x00,0x00,0x00,0x00,0x00,0x00,0x00,0x00,0x00,0x00,
 429          0x00,0x00,0x00,0x00,0x00,0x00,0x00,0x00,0x00,0x00,0x00,0x00,0x00,0x00,0x00,0x00,
 430          0x00,0x00,0x00,0x00,0x00,0x00,0x00,0x00,0x00,0x00,0x00,0x00,0x00,0x00,0x00,0x00,
 431          0x00,0x00,0x00,0x00,0x00,0x00,0x00,0x00,0x00,0x00,0x00,0x00,0x00,0x00,0x00,0x00,
 432          0x00,0x00,0x00,0x00,0x00,0x00,0x00,0x00,0x00,0x00,0x00,0x00,0x00,0x00,0x00,0x00,
 433          0x00,0x00,0x00,0x00,0x00,0x00,0x00,0x00,0x00,0x00,0x00,0x00,0x00,0x00,0x00,0x00,
 434          0x00,0x00,0x00,0x00,0x00,0x00,0x00,0x00,0x00,0x00,0x00,0x00,0x00,0x00,0x00,0x00,
 435          0x00,0x00,0x00,0x00,0x00,0x00,0x00,0x00,0x00,0x00,0x00,0x00,0x00,0x00,0x00,0x00,
 436          0x00,0x00,0x00,0x00,0x00,0x00,0x00,0x00,0x00,0x00,0x00,0x00,0x00,0x00,0x00,0x00,
 437          0x00,0x00,0x00,0x00,0x00,0x00,0x00,0x00,0x00,0x00,0x00,0x00,0x00,0x00,0x00,0x00,
 438          0x00,0x00,0x00,0x00,0x00,0x00,0x00,0x00,0x00,0x00,0x00,0x00,0x00,0x00,0x00,0x00,
 439          0x00,0x00,0x00,0x00,0x00,0x00,0x00,0x00,0x00,0x00,0x00,0x00,0x00,0x00,0x00,0x00,
 440          0x00,0x00,0x00,0x00,0x00,0x00,0x00,0x00,0x00,0x00,0x00,0x00,0x00,0x00,0x00,0x00,
 441          0x00,0x00,0x00,0x00,0x00,0x00,0x00,0x00,0x00,0x00,0x00,0x00,0x00,0x00,0x00,0x00,
 442          0x00,0x00,0x00,0x00,0x00,0x00,0x00,0x00,0x00,0x00,0x00,0x00,0x00,0x00,0x00,0x00,
 443          0x00,0x00,0x00,0x00,0x00,0x00,0x00,0x00,0x00,0x00,0x00,0x00,0x00,0x00,0x00,0x00,
 444          0x00,0x00,0x00,0x00,0x00,0x00,0x00,0x00,0x00,0x00,0x00,0x00,0x00,0x00,0x00,0x00,
 445          0x00,0x00,0x00,0x00,0x00,0x00,0x00,0x00,0x00,0x00,0x00,0x00,0x00,0x00,0x00,0x00,
 446          0x00,0x00,0x00,0x00,0x00,0x00,0x00,0x00,0x00,0x00,0x00,0x00,0x00,0x00,0x00,0x00,
 447          0x00,0x00,0x00,0x00,0x00,0x00,0x00,0x00,0x00,0x00,0x00,0x00,0x00,0x00,0x00,0x00,
 448          0x00,0x00,0x00,0x00,0x00,0x00,0x00,0x00,0x00,0x00,0x00,0x00,0x00,0x00,0x00,0x00,
 449          0x00,0x00,0x00,0x00,0x00,0x00,0x00,0x00,0x00,0x00,0x00,0x00,0x00,0x00,0x00,0x00,
 450          0x00,0x00,0x00,0x00,0x00,0x00,0x00,0x00,0x00,0x00,0x00,0x00,0x00,0x00,0x00,0x00,
 451          0x00,0x00,0x00,0x00,0x00,0x00,0x00,0x00,0x00,0x00,0x00,0x00,0x00,0x00,0x00,0x00,
 452          0x00,0x00,0x00,0x00,0x00,0x00,0x00,0x00,0x00,0x00,0x00,0x00,0x00,0x00,0x00,0x00,
 453          0x00,0x00,0x00,0x00,0x00,0x00,0x00,0x00,0x00,0x00,0x00,0x00,0x00,0x00,0x00,0x00,
 454          0x00,0x00,0x00,0x00,0x00,0x00,0x00,0x00,0x00,0x00,0x00,0x00,0x00,0x00,0x00,0x00,
 455          0x00,0x00,0x00,0x00,0x00,0x00,0x00,0x00,0x00,0x00,0x00,0x00,0x00,0x00,0x00,0x00,
 456          0x00,0x00,0x00,0x00,0x00,0x00,0x00,0x00,0x00,0x00,0x00,0x00,0x00,0x00,0x00,0x00,
 457          0x00,0x00,0x00,0x00,0x00,0x00,0x00,0x00,0x00,0x00,0x00,0x00,0x00,0x00,0x00,0x00,
 458          0x00,0x00,0x00,0x00,0x00,0x00,0x00,0x00,0x00,0x00,0x00,0x00,0x00,0x00,0x00,0x00,
 459          0x00,0x00,0x00,0x00,0x00,0x00,0x00,0x00,0x00,0x00,0x00,0x00,0x00,0x00,0x00,0x00,
 460          0x00,0x00,0x00,0x00,0x00,0x00,0x00,0x00,0x00,0x00,0x00,0x00,0x00,0x00,0x00,0x00,
 461          0x00,0x00,0x00,0x00,0x00,0x00,0x00,0x00,0x00,0x00,0x00,0x00,0x00,0x00,0x00,0x00,
 462          0x00,0x00,0x00,0x00,0x00,0x00,0x00,0x00,0x00,0x00,0x00,0x00,0x00,0x00,0x00,0x00,
 463          0x00,0x00,0x00,0x00,0x00,0x00,0x00,0x00,0x00,0x00,0x00,0x00,0x00,0x00,0x00,0x00,
 464          0x00,0x00,0x00,0x00,0x00,0x00,0x00,0x00,0x00,0x00,0x00,0x00,0x00,0x00,0x00,0x00,
 465          0x00,0x00,0x00,0x00,0x00,0x00,0x00,0x00,0x00,0x00,0x00,0x00,0x00,0x00,0x00,0x00,
 466          0x00,0x00,0x00,0x00,0x00,0x00,0x00,0x00,0x00,0x00,0x00,0x00,0x00,0x00,0x00,0x00,
 467          0x00,0x00,0x00,0x00,0x00,0x00,0x00,0x00,0x00,0x00,0x00,0x00,0x00,0x00,0x00,0x00,
 468          0x00,0x00,0x00,0x00,0x00,0x00,0x00,0x00,0x00,0x00,0x00,0x00,0x00,0x00,0x00,0x00,
 469          0x00,0x00,0x00,0x00,0x00,0x00,0x00,0x00,0x00,0x00,0x00,0x00,0x00,0x00,0x00,0x00,
 470          0x00,0x00,0x00,0x00,0x00,0x00,0x00,0x00,0x00,0x00,0x00,0x00,0x00,0x00,0x00,0x00,
 471          0x00,0x00,0x00,0x00,0x00,0x00,0x00,0x00,0x00,0x00,0x00,0x00,0x00,0x00,0x00,0x00,
 472          0x00,0x00,0x00,0x00,0x00,0x00,0x00,0x00,0x00,0x00,0x00,0x00,0x00,0x00,0x00,0x00,
 473          0x00,0x00,0x00,0x00,0x00,0x00,0x00,0x00,0x00,0x00,0x00,0x00,0x00,0x00,0x00,0x00,
 474          0x00,0x00,0x00,0x00,0x00,0x00,0x00,0x00,0x00,0x00,0x00,0x00,0x00,0x00,0x00,0x00,
 475          0x00,0x00,0x00,0x00,0x00,0x00,0x00,0x00,0x00,0x00,0x00,0x00,0x00,0x00,0x00,0x00,
 476          0x00,0x00,0x00,0x00,0x00,0x00,0x00,0x00,0x00,0x00,0x00,0x00,0x00,0x00,0x00,0x00,
 477          0x00,0x00,0x00,0x00,0x00,0x00,0x00,0x00,0x00,0x00,0x00,0x00,0x00,0x00,0x00,0x00,
 478          0x00,0x00,0x00,0x00,0x00,0x00,0x00,0x00,0x00,0x00,0x00,0x00,0x00,0x00,0x00,0x00,
 479          0x00,0x00,0x00,0x00,0x00,0x00,0x00,0x00,0x00,0x00,0x00,0x00,0x00,0x00,0x00,0x00,
 480          0x00,0x00,0x00,0x00,0x00,0x00,0x00,0x00,0x00,0x00,0x00,0x00,0x00,0x00,0x00,0x00,
 481          0x00,0x00,0x00,0x00,0x00,0x00,0x00,0x00,0x00,0x00,0x00,0x00,0x00,0x00,0x00,0x00,
 482          0x00,0x00,0x00,0x00,0x00,0x00,0x00,0x00,0x00,0x00,0x00,0x00,0x00,0x00,0x00,0x00,
 483          0x00,0x00,0x00,0x00,0x00,0x00,0x00,0x00,0x00,0x00,0x00,0x00,0x00,0x00,0x00,0x00,
 484          0x00,0x7F,0xFF,0xFF,0xFC,0x00,0xFF,0xFF,0xFF,0xFC,0x00,0x00,0x00,0x00,0x01,0xFF,
 485          0x00,0x00,0x7F,0xC0,0x1F,0xFF,0xFF,0xFF,0xE0,0x03,0xFC,0x00,0x00,0x1F,0xE0,0x07,
 486          0xF0,0x00,0x00,0x3F,0xC0,0x1F,0xC0,0x00,0x01,0xFF,0xFF,0xFF,0xFE,0x00,0xFF,0xFF,
 487          0xFF,0xFF,0x00,0x00,0x00,0x00,0x00,0xFF,0x80,0x00,0x7F,0xC0,0x1F,0xFF,0xFF,0xFF,
 488          0xF0,0x03,0xFC,0x00,0x00,0x1F,0xE0,0x0F,0xF0,0x00,0x00,0x3F,0xC0,0x1F,0xC0,0x00,
C51 COMPILER V9.60.7.0   PIC                                                               06/24/2025 13:36:27 PAGE 9   

 489          0x03,0xFF,0xFF,0xFF,0xFE,0x00,0xFF,0xFF,0xFF,0xFF,0x80,0x00,0x00,0x00,0x00,0xFF,
 490          0x80,0x00,0xFF,0x80,0x1F,0xFF,0xFF,0xFF,0xF0,0x03,0xFC,0x00,0x00,0x1F,0xE0,0x0F,
 491          0xF0,0x00,0x00,0x3F,0xC0,0x1F,0xE0,0x00,0x07,0xFF,0xFF,0xFF,0xFE,0x00,0xFF,0xFF,
 492          0xFF,0xFF,0xC0,0x00,0x00,0x00,0x00,0x7F,0xC0,0x00,0xFF,0x80,0x1F,0xFF,0xFF,0xFF,
 493          0xF8,0x03,0xFC,0x00,0x00,0x1F,0xE0,0x0F,0xF0,0x00,0x00,0x3F,0xC0,0x1F,0xE0,0x00,
 494          0x0F,0xFF,0xFF,0xFF,0xFE,0x00,0xFF,0xFF,0xFF,0xFF,0xE0,0x00,0x00,0x00,0x00,0x7F,
 495          0xC0,0x01,0xFF,0x00,0x1F,0xFF,0xFF,0xFF,0xF8,0x03,0xFC,0x00,0x00,0x1F,0xE0,0x0F,
 496          0xF0,0x00,0x00,0x3F,0xC0,0x1F,0xE0,0x00,0x1F,0xFF,0xFF,0xFF,0xFE,0x00,0xFF,0xFF,
 497          0xFF,0xFF,0xF0,0x00,0x00,0x00,0x00,0x3F,0xE0,0x01,0xFF,0x00,0x1F,0xFF,0xFF,0xFF,
 498          0xF8,0x03,0xFC,0x00,0x00,0x1F,0xE0,0x0F,0xF0,0x00,0x00,0x3F,0xC0,0x1F,0xE0,0x00,
 499          0x1F,0xFF,0xFF,0xFF,0xFE,0x00,0xFF,0xFF,0xFF,0xFF,0xF0,0x00,0x00,0x00,0x00,0x3F,
 500          0xE0,0x03,0xFE,0x00,0x1F,0xFF,0xFF,0xFF,0xF8,0x03,0xFC,0x00,0x00,0x1F,0xE0,0x0F,
 501          0xF0,0x00,0x00,0x3F,0xC0,0x1F,0xE0,0x00,0x3F,0xFF,0xFF,0xFF,0xFE,0x00,0xFF,0xFF,
 502          0xFF,0xFF,0xF8,0x00,0x00,0x00,0x00,0x1F,0xF0,0x03,0xFE,0x00,0x1F,0xFF,0xFF,0xFF,
 503          0xF0,0x03,0xFC,0x00,0x00,0x1F,0xE0,0x0F,0xF0,0x00,0x00,0x3F,0xC0,0x1F,0xE0,0x00,
 504          0x3F,0xF0,0x00,0x00,0x00,0x00,0x00,0x00,0x00,0x1F,0xF8,0x00,0x00,0x00,0x00,0x1F,
 505          0xF0,0x07,0xFC,0x00,0x00,0x00,0x00,0x00,0x00,0x03,0xFC,0x00,0x00,0x1F,0xE0,0x0F,
 506          0xF0,0x00,0x00,0x3F,0xC0,0x00,0x00,0x00,0x3F,0xE0,0x00,0x00,0x00,0x00,0x00,0x00,
 507          0x00,0x0F,0xF8,0x00,0x00,0x00,0x00,0x0F,0xF8,0x07,0xFC,0x00,0x00,0x00,0x00,0x00,
 508          0x00,0x03,0xFC,0x00,0x00,0x1F,0xE0,0x0F,0xF0,0x00,0x00,0x3F,0xC0,0x00,0x00,0x00,
 509          0x3F,0xC0,0x00,0x00,0x00,0x00,0x00,0x00,0x00,0x07,0xF8,0x00,0x00,0x00,0x00,0x0F,
 510          0xFC,0x0F,0xF8,0x00,0x00,0x00,0x00,0x00,0x00,0x03,0xFC,0x00,0x00,0x1F,0xE0,0x0F,
 511          0xF0,0x00,0x00,0x3F,0xC0,0x00,0x00,0x00,0x7F,0xC0,0x00,0x00,0x00,0x00,0x00,0x00,
 512          0x00,0x07,0xFC,0x00,0x00,0x00,0x00,0x07,0xFC,0x0F,0xF8,0x00,0x00,0x00,0x00,0x00,
 513          0x00,0x03,0xFC,0x00,0x00,0x1F,0xE0,0x0F,0xF0,0x00,0x00,0x3F,0xC0,0x00,0x00,0x00,
 514          0x7F,0xC0,0x00,0x00,0x00,0x00,0x00,0x00,0x00,0x07,0xFC,0x00,0x00,0x00,0x00,0x07,
 515          0xFE,0x1F,0xF0,0x00,0x00,0x00,0x00,0x00,0x00,0x03,0xFC,0x00,0x00,0x1F,0xE0,0x0F,
 516          0xF0,0x00,0x00,0x3F,0xC0,0x00,0x00,0x00,0x7F,0xC0,0x00,0x00,0x00,0x00,0x00,0x00,
 517          0x00,0x03,0xFC,0x00,0x00,0x00,0x00,0x03,0xFE,0x1F,0xF0,0x00,0x00,0x00,0x00,0x00,
 518          0x00,0x03,0xFC,0x00,0x00,0x1F,0xE0,0x0F,0xF0,0x00,0x00,0x3F,0xC0,0x00,0x00,0x00,
 519          0x7F,0xC0,0x00,0x00,0x00,0x00,0x00,0x00,0x00,0x03,0xFC,0x00,0x00,0x00,0x00,0x03,
 520          0xFF,0x3F,0xE0,0x00,0x00,0x00,0x00,0x00,0x00,0x03,0xFC,0x00,0x00,0x1F,0xE0,0x0F,
 521          0xF0,0x00,0x00,0x3F,0xC0,0x00,0x00,0x00,0x7F,0xC0,0x00,0x00,0x00,0x00,0x00,0x00,
 522          0x00,0x03,0xFC,0x00,0x00,0x00,0x00,0x01,0xFF,0x3F,0xE0,0x00,0x00,0x00,0x00,0x00,
 523          0x00,0x03,0xFC,0x00,0x00,0x1F,0xE0,0x0F,0xF0,0x00,0x00,0x3F,0xC0,0x00,0x00,0x00,
 524          0x7F,0xC0,0x00,0x00,0x00,0x00,0x00,0x00,0x00,0x03,0xFC,0x00,0x00,0x00,0x00,0x01,
 525          0xFF,0xFF,0xC0,0x00,0x00,0x00,0x00,0x00,0x00,0x03,0xFC,0x00,0x00,0x1F,0xE0,0x0F,
 526          0xF0,0x00,0x00,0x3F,0xC0,0x00,0x00,0x00,0x7F,0xC0,0x00,0x00,0x00,0x00,0x00,0x00,
 527          0x00,0x03,0xFC,0x00,0x00,0x00,0x00,0x00,0xFF,0xFF,0xC0,0x00,0x00,0x00,0x00,0x00,
 528          0x00,0x03,0xFC,0x00,0x00,0x1F,0xE0,0x0F,0xF0,0x00,0x00,0x3F,0xC0,0x00,0x00,0x00,
 529          0x7F,0xC0,0x00,0x7F,0xFE,0x00,0xFE,0x00,0x00,0x03,0xFC,0x01,0xFF,0xFF,0xE0,0x00,
 530          0xFF,0xFF,0x80,0x00,0x1F,0xFF,0xFF,0xFF,0xF8,0x03,0xFF,0xFF,0xFF,0xFF,0xE0,0x0F,
 531          0xF0,0x00,0x00,0x3F,0xC0,0x1F,0xE0,0x00,0x7F,0xC0,0x00,0x7F,0xFE,0x00,0xFF,0x00,
 532          0x00,0x03,0xFC,0x01,0xFF,0xFF,0xE0,0x00,0x7F,0xFF,0x80,0x00,0x1F,0xFF,0xFF,0xFF,
 533          0xF8,0x03,0xFF,0xFF,0xFF,0xFF,0xE0,0x0F,0xF0,0x00,0x00,0x3F,0xC0,0x1F,0xE0,0x00,
 534          0x7F,0xC0,0x00,0x7F,0xFE,0x00,0xFF,0x00,0x00,0x03,0xFC,0x01,0xFF,0xFF,0xE0,0x00,
 535          0x7F,0xFF,0x00,0x00,0x1F,0xFF,0xFF,0xFF,0xF8,0x03,0xFF,0xFF,0xFF,0xFF,0xE0,0x0F,
 536          0xF0,0x00,0x00,0x3F,0xC0,0x1F,0xE0,0x00,0x7F,0xC0,0x00,0x7F,0xFE,0x00,0xFF,0x00,
 537          0x00,0x03,0xFC,0x01,0xFF,0xFF,0xE0,0x00,0x3F,0xFF,0x00,0x00,0x1F,0xFF,0xFF,0xFF,
 538          0xF8,0x03,0xFF,0xFF,0xFF,0xFF,0xE0,0x0F,0xF0,0x00,0x00,0x3F,0xC0,0x1F,0xE0,0x00,
 539          0x7F,0xC0,0x00,0x7F,0xFE,0x00,0xFF,0x00,0x00,0x03,0xFC,0x01,0xFF,0xFF,0xE0,0x00,
 540          0x3F,0xFE,0x00,0x00,0x1F,0xFF,0xFF,0xFF,0xF8,0x03,0xFF,0xFF,0xFF,0xFF,0xE0,0x0F,
 541          0xF0,0x00,0x00,0x3F,0xC0,0x1F,0xE0,0x00,0x7F,0xC0,0x00,0x7F,0xFE,0x00,0xFF,0x00,
 542          0x00,0x03,0xFC,0x01,0xFF,0xFF,0xE0,0x00,0x1F,0xFE,0x00,0x00,0x1F,0xFF,0xFF,0xFF,
 543          0xF8,0x03,0xFF,0xFF,0xFF,0xFF,0xE0,0x0F,0xF0,0x00,0x00,0x3F,0xC0,0x1F,0xE0,0x00,
 544          0x7F,0xC0,0x00,0x7F,0xFE,0x00,0xFF,0x00,0x00,0x03,0xFC,0x01,0xFF,0xFF,0xE0,0x00,
 545          0x1F,0xFC,0x00,0x00,0x1F,0xFF,0xFF,0xFF,0xF8,0x03,0xFF,0xFF,0xFF,0xFF,0xE0,0x0F,
 546          0xF0,0x00,0x00,0x3F,0xC0,0x1F,0xE0,0x00,0x7F,0xC0,0x00,0x7F,0xFE,0x00,0xFF,0x00,
 547          0x00,0x03,0xFC,0x01,0xFF,0xFF,0xE0,0x00,0x0F,0xFC,0x00,0x00,0x1F,0xFF,0xFF,0xFF,
 548          0xF8,0x03,0xFF,0xFF,0xFF,0xFF,0xE0,0x0F,0xF0,0x00,0x00,0x3F,0xC0,0x1F,0xE0,0x00,
 549          0x7F,0xC0,0x00,0x01,0xFE,0x00,0xFF,0x00,0x00,0x03,0xFC,0x00,0x00,0x00,0x00,0x00,
 550          0x0F,0xF8,0x00,0x00,0x1F,0xE0,0x00,0x00,0x00,0x03,0xFC,0x00,0x00,0x1F,0xE0,0x0F,
C51 COMPILER V9.60.7.0   PIC                                                               06/24/2025 13:36:27 PAGE 10  

 551          0xF0,0x00,0x00,0x3F,0xC0,0x1F,0xE0,0x00,0x7F,0xC0,0x00,0x01,0xFE,0x00,0xFF,0x00,
 552          0x00,0x03,0xFC,0x00,0x00,0x00,0x00,0x00,0x07,0xF8,0x00,0x00,0x1F,0xE0,0x00,0x00,
 553          0x00,0x03,0xFC,0x00,0x00,0x1F,0xE0,0x0F,0xF0,0x00,0x00,0x3F,0xC0,0x1F,0xE0,0x00,
 554          0x7F,0xC0,0x00,0x01,0xFE,0x00,0xFF,0x00,0x00,0x03,0xFC,0x00,0x00,0x00,0x00,0x00,
 555          0x07,0xF8,0x00,0x00,0x1F,0xE0,0x00,0x00,0x00,0x03,0xFC,0x00,0x00,0x1F,0xE0,0x0F,
 556          0xF0,0x00,0x00,0x3F,0xC0,0x1F,0xE0,0x00,0x7F,0xC0,0x00,0x01,0xFE,0x00,0xFF,0x00,
 557          0x00,0x03,0xFC,0x00,0x00,0x00,0x00,0x00,0x07,0xF8,0x00,0x00,0x1F,0xE0,0x00,0x00,
 558          0x00,0x03,0xFC,0x00,0x00,0x1F,0xE0,0x0F,0xF0,0x00,0x00,0x3F,0xC0,0x1F,0xE0,0x00,
 559          0x7F,0xC0,0x00,0x01,0xFE,0x00,0xFF,0x00,0x00,0x03,0xFC,0x00,0x00,0x00,0x00,0x00,
 560          0x07,0xF8,0x00,0x00,0x1F,0xE0,0x00,0x00,0x00,0x03,0xFC,0x00,0x00,0x1F,0xE0,0x0F,
 561          0xF0,0x00,0x00,0x3F,0xC0,0x1F,0xE0,0x00,0x7F,0xC0,0x00,0x01,0xFE,0x00,0xFF,0x00,
 562          0x00,0x07,0xFC,0x00,0x00,0x00,0x00,0x00,0x07,0xF8,0x00,0x00,0x1F,0xE0,0x00,0x00,
 563          0x00,0x03,0xFC,0x00,0x00,0x1F,0xE0,0x0F,0xF0,0x00,0x00,0x3F,0xC0,0x1F,0xE0,0x00,
 564          0x7F,0xC0,0x00,0x01,0xFE,0x00,0xFF,0x00,0x00,0x07,0xFC,0x00,0x00,0x00,0x00,0x00,
 565          0x07,0xF8,0x00,0x00,0x1F,0xE0,0x00,0x00,0x00,0x03,0xFC,0x00,0x00,0x1F,0xE0,0x0F,
 566          0xF8,0x00,0x00,0x3F,0xC0,0x1F,0xE0,0x00,0x3F,0xC0,0x00,0x01,0xFE,0x00,0xFF,0x00,
 567          0x00,0x07,0xFC,0x00,0x00,0x00,0x00,0x00,0x07,0xF8,0x00,0x00,0x1F,0xE0,0x00,0x00,
 568          0x00,0x03,0xFC,0x00,0x00,0x1F,0xE0,0x0F,0xF8,0x00,0x00,0x3F,0xC0,0x1F,0xE0,0x00,
 569          0x3F,0xE0,0x00,0x01,0xFE,0x00,0xFF,0x00,0x00,0x0F,0xF8,0x00,0x00,0x00,0x00,0x00,
 570          0x07,0xF8,0x00,0x00,0x1F,0xE0,0x00,0x00,0x00,0x03,0xFC,0x00,0x00,0x1F,0xE0,0x0F,
 571          0xFC,0x00,0x00,0x3F,0xC0,0x1F,0xE0,0x00,0x3F,0xF0,0x00,0x01,0xFE,0x00,0xFF,0x00,
 572          0x00,0x1F,0xF8,0x00,0x00,0x00,0x00,0x00,0x07,0xF8,0x00,0x00,0x1F,0xE0,0x00,0x00,
 573          0x00,0x03,0xFC,0x00,0x00,0x1F,0xE0,0x07,0xFE,0x00,0x00,0x3F,0xC0,0x1F,0xE0,0x00,
 574          0x3F,0xFF,0xFF,0xFF,0xFE,0x00,0xFF,0xFF,0xFF,0xFF,0xF8,0x00,0x00,0x00,0x00,0x00,
 575          0x07,0xF8,0x00,0x00,0x1F,0xFF,0xFF,0xFF,0xF0,0x03,0xFC,0x00,0x00,0x1F,0xE0,0x07,
 576          0xFF,0xFF,0xFF,0xFF,0xC0,0x1F,0xE0,0x00,0x1F,0xFF,0xFF,0xFF,0xFE,0x00,0xFF,0xFF,
 577          0xFF,0xFF,0xF0,0x00,0x00,0x00,0x00,0x00,0x07,0xF8,0x00,0x00,0x1F,0xFF,0xFF,0xFF,
 578          0xF8,0x03,0xFC,0x00,0x00,0x1F,0xE0,0x07,0xFF,0xFF,0xFF,0xFF,0xC0,0x1F,0xE0,0x00,
 579          0x1F,0xFF,0xFF,0xFF,0xFE,0x00,0xFF,0xFF,0xFF,0xFF,0xF0,0x00,0x00,0x00,0x00,0x00,
 580          0x07,0xF8,0x00,0x00,0x1F,0xFF,0xFF,0xFF,0xF8,0x03,0xFC,0x00,0x00,0x1F,0xE0,0x03,
 581          0xFF,0xFF,0xFF,0xFF,0xC0,0x1F,0xE0,0x00,0x0F,0xFF,0xFF,0xFF,0xFE,0x00,0xFF,0xFF,
 582          0xFF,0xFF,0xE0,0x00,0x00,0x00,0x00,0x00,0x07,0xF8,0x00,0x00,0x1F,0xFF,0xFF,0xFF,
 583          0xF8,0x03,0xFC,0x00,0x00,0x1F,0xE0,0x03,0xFF,0xFF,0xFF,0xFF,0xC0,0x1F,0xE0,0x00,
 584          0x0F,0xFF,0xFF,0xFF,0xFE,0x00,0xFF,0xFF,0xFF,0xFF,0xE0,0x00,0x00,0x00,0x00,0x00,
 585          0x07,0xF8,0x00,0x00,0x1F,0xFF,0xFF,0xFF,0xF8,0x03,0xFC,0x00,0x00,0x1F,0xE0,0x01,
 586          0xFF,0xFF,0xFF,0xFF,0xC0,0x1F,0xE0,0x00,0x07,0xFF,0xFF,0xFF,0xFE,0x00,0xFF,0xFF,
 587          0xFF,0xFF,0xC0,0x00,0x00,0x00,0x00,0x00,0x07,0xF8,0x00,0x00,0x1F,0xFF,0xFF,0xFF,
 588          0xF8,0x03,0xFC,0x00,0x00,0x1F,0xE0,0x00,0xFF,0xFF,0xFF,0xFF,0xC0,0x1F,0xE0,0x00,
 589          0x01,0xFF,0xFF,0xFF,0xFE,0x00,0xFF,0xFF,0xFF,0xFF,0x00,0x00,0x00,0x00,0x00,0x00,
 590          0x07,0xF8,0x00,0x00,0x1F,0xFF,0xFF,0xFF,0xF8,0x03,0xFC,0x00,0x00,0x1F,0xE0,0x00,
 591          0x7F,0xFF,0xFF,0xFF,0xC0,0x1F,0xE0,0x00,0x00,0x7F,0xFF,0xFF,0xFE,0x00,0xFF,0xFF,
 592          0xFF,0xFE,0x00,0x00,0x00,0x00,0x00,0x00,0x07,0xF8,0x00,0x00,0x1F,0xFF,0xFF,0xFF,
 593          0xF8,0x03,0xFC,0x00,0x00,0x1F,0xE0,0x00,0x1F,0xFF,0xFF,0xFF,0xC0,0x1F,0xE0,0x00,
 594          0x00,0x00,0x00,0x00,0x00,0x00,0x00,0x00,0x00,0x00,0x00,0x00,0x00,0x00,0x00,0x00,
 595          0x00,0x00,0x00,0x00,0x00,0x00,0x00,0x00,0x00,0x00,0x00,0x00,0x00,0x00,0x00,0x00,
 596          0x00,0x00,0x00,0x00,0x00,0x00,0x00,0x00,0x00,0x00,0x00,0x00,0x00,0x00,0x00,0x00,
 597          0x00,0x00,0x00,0x00,0x00,0x00,0x00,0x00,0x00,0x00,0x00,0x00,0x00,0x00,0x00,0x00,
 598          0x00,0x00,0x00,0x00,0x00,0x00,0x00,0x00,0x00,0x00,0x00,0x00,0x00,0x00,0x00,0x00,
 599          0x00,0x00,0x00,0x00,0x00,0x00,0x00,0x00,0x00,0x00,0x00,0x00,0x00,0x00,0x00,0x00,
 600          0x00,0x00,0x00,0x00,0x00,0x00,0x00,0x00,0x00,0x00,0x00,0x00,0x00,0x00,0x00,0x00,
 601          0x00,0x00,0x00,0x00,0x00,0x00,0x00,0x00,0x00,0x00,0x00,0x00,0x00,0x00,0x00,0x00,
 602          0x00,0x00,0x00,0x00,0x00,0x00,0x00,0x00,0x00,0x00,0x00,0x00,0x00,0x00,0x00,0x00,
 603          0x00,0x00,0x00,0x00,0x00,0x00,0x00,0x00,0x00,0x00,0x00,0x00,0x00,0x00,0x00,0x00
 604          
 605          
 606          };
 607          
 608          unsigned char code tab2[]={
 609          /*-[数据排列]:从左到右从上到下 [取模方式]:横向8点左高位 [正负反色]:否
 610          图像尺寸:320x240 画布尺寸:320x240，共9600个字节-*/
 611          0xFF,0xFF,0xFF,0xFF,0xFF,0xFF,0xFF,0xFF,0xFF,0xFF,0xFF,0xFF,0xFF,0xFF,0xFF,0xFF,
 612          0xFF,0xFF,0xFF,0xFF,0xFF,0xFF,0xFF,0xFF,0xFF,0xFF,0xFF,0xFF,0xFF,0xFF,0xFF,0xFF,
C51 COMPILER V9.60.7.0   PIC                                                               06/24/2025 13:36:27 PAGE 11  

 613          0xFF,0xFF,0xFF,0xFF,0xFF,0xFF,0xFF,0xFF,0xFF,0xFF,0xFF,0xFF,0xFF,0xFF,0xFF,0xFF,
 614          0xFF,0xFF,0xFF,0xFF,0xFF,0xFF,0xFF,0xFF,0xFF,0xFF,0xFF,0xFF,0xFF,0xFF,0xFF,0xFF,
 615          0xFF,0xFF,0xFF,0xFF,0xFF,0xFF,0xFF,0xFF,0xFF,0xFF,0xFF,0xFF,0xFF,0xFF,0xFF,0xFF,
 616          0xC0,0x00,0x00,0x00,0x00,0x00,0x00,0x00,0x00,0x00,0x00,0x00,0x00,0x00,0x00,0x00,
 617          0x00,0x00,0x00,0x00,0x00,0x00,0x00,0x00,0x00,0x00,0x00,0x00,0x00,0x00,0x00,0x00,
 618          0x00,0x00,0x00,0x00,0x00,0x00,0x00,0x03,0xC0,0x00,0x00,0x00,0x00,0x00,0x00,0x00,
 619          0x00,0x00,0x00,0x00,0x00,0x00,0x00,0x00,0x00,0x00,0x00,0x00,0x00,0x00,0x00,0x00,
 620          0x00,0x00,0x00,0x00,0x00,0x00,0x00,0x00,0x00,0x00,0x00,0x00,0x00,0x00,0x00,0x03,
 621          0xC0,0x00,0x00,0x00,0x00,0x00,0x00,0x00,0x00,0x00,0x00,0x00,0x00,0x00,0x00,0x00,
 622          0x00,0x00,0x00,0x00,0x00,0x00,0x00,0x00,0x00,0x00,0x00,0x00,0x00,0x00,0x00,0x00,
 623          0x00,0x00,0x00,0x00,0x00,0x00,0x00,0x03,0xC0,0x00,0x00,0x00,0x00,0x00,0x00,0x00,
 624          0x00,0x00,0x00,0x00,0x00,0x00,0x00,0x00,0x00,0x00,0x00,0x00,0x00,0x00,0x00,0x00,
 625          0x00,0x00,0x00,0x00,0x00,0x00,0x00,0x00,0x00,0x00,0x00,0x00,0x00,0x00,0x00,0x03,
 626          0xC0,0x00,0x00,0x00,0x00,0x00,0x00,0x00,0x00,0x00,0x00,0x00,0x00,0x00,0x00,0x00,
 627          0x00,0x00,0x00,0x00,0x00,0x00,0x00,0x00,0x00,0x00,0x00,0x00,0x00,0x00,0x00,0x00,
 628          0x00,0x00,0x00,0x00,0x00,0x00,0x00,0x03,0xC0,0x00,0x00,0x00,0x00,0x00,0x00,0x00,
 629          0x0F,0xFF,0xFF,0xFF,0xFF,0xFF,0xFF,0xFF,0xFF,0xFF,0xFF,0xFF,0xFF,0xFF,0xFF,0xFF,
 630          0xFF,0xFF,0xFF,0xFF,0xFF,0xFF,0xFF,0xFF,0xFF,0xFF,0xFF,0xFF,0xFF,0xFF,0xFC,0x03,
 631          0xC0,0x00,0x00,0x00,0x00,0x00,0x00,0x00,0x07,0xFF,0xFF,0xFF,0xFF,0xFF,0xFF,0xFF,
 632          0xFF,0xFF,0xFF,0xFF,0xFF,0xFF,0xFF,0xFF,0xFF,0xFF,0xFF,0xFF,0xFF,0xFF,0xFF,0xFF,
 633          0xFF,0xFF,0xFF,0xFF,0xFF,0xFF,0xF8,0x03,0xC0,0x00,0x00,0x00,0x00,0x00,0x00,0x00,
 634          0x07,0xFF,0xFF,0xFF,0xFF,0xFF,0xFF,0xFF,0xFF,0xFF,0xFF,0xFF,0xFF,0xFF,0xFF,0xFF,
 635          0xFF,0xFF,0xFF,0xFF,0xFF,0xFF,0xFF,0xFF,0xFF,0xFF,0xFF,0xFF,0xFF,0xFF,0xF8,0x03,
 636          0xC0,0x00,0x00,0x00,0x00,0x00,0x00,0x00,0x03,0xC0,0x00,0x00,0x00,0x00,0x00,0x00,
 637          0x00,0x00,0x00,0x00,0x00,0x00,0x00,0x00,0x00,0x00,0x00,0x00,0x00,0x00,0x00,0x00,
 638          0x00,0x00,0x00,0x00,0x00,0x00,0xF0,0x03,0xC0,0x00,0x00,0x00,0x00,0x00,0x00,0x00,
 639          0x03,0x80,0x00,0x00,0x00,0x00,0x00,0x00,0x00,0x00,0x00,0x00,0x00,0x00,0x00,0x00,
 640          0x00,0x00,0x00,0x00,0x00,0x00,0x00,0x00,0x00,0x00,0x00,0x00,0x00,0x00,0xF0,0x03,
 641          0xC0,0x00,0x00,0x00,0x00,0x00,0x00,0x00,0x01,0xC0,0x00,0x00,0x00,0x00,0x00,0x00,
 642          0x00,0x00,0x00,0x00,0x00,0x00,0x00,0x00,0x00,0x00,0x00,0x00,0x00,0x00,0x00,0x00,
 643          0x00,0x00,0x00,0x00,0x00,0x00,0xE0,0x03,0xC0,0x00,0x00,0x00,0x00,0x00,0x00,0x00,
 644          0x01,0xC0,0x00,0x00,0x00,0x00,0x00,0x00,0x00,0x00,0x00,0x00,0x00,0x00,0x00,0x00,
 645          0x00,0x00,0x00,0x00,0x00,0x00,0x00,0x00,0x00,0x00,0x00,0x00,0x00,0x01,0xE0,0x03,
 646          0xC0,0x00,0x00,0x00,0x00,0x00,0x00,0x00,0x00,0xE0,0x00,0x00,0x00,0x00,0x00,0x00,
 647          0x00,0x00,0x00,0x00,0x00,0x00,0x00,0x00,0x00,0x00,0x00,0x00,0x00,0x00,0x00,0x00,
 648          0x00,0x00,0x00,0x00,0x00,0x01,0xC0,0x03,0xC0,0x00,0x00,0x00,0x00,0x00,0x00,0x00,
 649          0x00,0xE0,0x00,0x00,0x00,0x00,0x00,0x00,0x00,0x00,0x00,0x00,0x00,0x00,0x00,0x00,
 650          0x00,0x00,0x00,0x00,0x00,0x00,0x00,0x00,0x00,0x00,0x00,0x00,0x00,0x03,0xC0,0x03,
 651          0xC0,0x00,0x00,0x00,0x00,0x00,0x00,0x00,0x00,0xF0,0x00,0x00,0x00,0x00,0x00,0x00,
 652          0x00,0x00,0x00,0x00,0x00,0x00,0x00,0x00,0x00,0x00,0x00,0x00,0x00,0x00,0x00,0x00,
 653          0x00,0x00,0x00,0x00,0x00,0x03,0x80,0x03,0xC0,0x00,0x00,0x00,0x00,0x00,0x00,0x00,
 654          0x00,0x70,0x00,0x00,0x00,0x00,0x00,0x00,0x00,0x00,0x00,0x00,0x00,0x00,0x00,0x00,
 655          0x00,0x00,0x00,0x00,0x00,0x00,0x00,0x00,0x00,0x00,0x00,0x00,0x00,0x07,0x80,0x03,
 656          0xC0,0x00,0x00,0x00,0x00,0x00,0x00,0x00,0x00,0x70,0x00,0x00,0x00,0x00,0x00,0x00,
 657          0x00,0x00,0x00,0x00,0x00,0x00,0x00,0x00,0x00,0x00,0x00,0x00,0x00,0x00,0x00,0x00,
 658          0x00,0x00,0x00,0x00,0x00,0x07,0x00,0x03,0xC0,0x00,0x00,0x00,0x00,0x00,0x00,0x00,
 659          0x00,0x38,0x00,0x00,0x00,0x00,0x00,0x00,0x00,0x00,0x00,0x00,0x00,0x00,0x00,0x00,
 660          0x00,0x00,0x00,0x00,0x00,0x00,0x00,0x00,0x00,0x00,0x00,0x00,0x00,0x0F,0x00,0x03,
 661          0xC0,0x00,0x00,0x00,0x00,0x00,0x00,0x00,0x00,0x38,0x00,0x00,0x00,0x00,0x00,0x00,
 662          0x00,0x00,0x00,0x00,0x00,0x00,0x00,0x00,0x00,0x00,0x00,0x00,0x00,0x00,0x00,0x00,
 663          0x00,0x00,0x00,0x00,0x00,0x0E,0x00,0x03,0xC0,0x00,0x00,0x00,0x00,0x00,0x00,0x00,
 664          0x00,0x3C,0x00,0x00,0x00,0x00,0x00,0x00,0x00,0x00,0x00,0x00,0x00,0x00,0x00,0x00,
 665          0x00,0x00,0x00,0x00,0x00,0x00,0x00,0x00,0x00,0x00,0x00,0x00,0x00,0x1E,0x00,0x03,
 666          0xC0,0x00,0x00,0x00,0x00,0x00,0x00,0x00,0x00,0x1C,0x00,0x00,0x00,0x00,0x00,0x00,
 667          0x00,0x00,0x00,0x00,0x00,0x00,0x00,0x00,0x00,0x00,0x00,0x00,0x00,0x00,0x00,0x00,
 668          0x00,0x00,0x00,0x00,0x00,0x1C,0x00,0x03,0xC0,0x00,0x00,0x00,0x00,0x00,0x00,0x00,
 669          0x00,0x1E,0x00,0x00,0x00,0x00,0x00,0x00,0x00,0x00,0x00,0x00,0x00,0x00,0x00,0x00,
 670          0x00,0x00,0x00,0x00,0x00,0x00,0x00,0x00,0x00,0x00,0x00,0x00,0x00,0x3C,0x00,0x03,
 671          0xC0,0x00,0x00,0x00,0x00,0x00,0x00,0x00,0x00,0x0E,0x00,0x00,0x00,0x00,0x00,0x00,
 672          0x00,0x00,0x00,0x00,0x00,0x00,0x00,0x00,0x00,0x00,0x00,0x00,0x00,0x00,0x00,0x00,
 673          0x00,0x00,0x00,0x00,0x00,0x38,0x00,0x03,0xC0,0x00,0x00,0x00,0x00,0x00,0x00,0x00,
 674          0x00,0x0E,0x00,0x00,0x00,0x00,0x00,0x00,0x00,0x00,0x00,0x00,0x00,0x00,0x00,0x00,
C51 COMPILER V9.60.7.0   PIC                                                               06/24/2025 13:36:27 PAGE 12  

 675          0x00,0x00,0x00,0x00,0x00,0x00,0x00,0x00,0x00,0x00,0x00,0x00,0x00,0x78,0x00,0x03,
 676          0xC0,0x00,0x00,0x00,0x00,0x00,0x00,0x00,0x00,0x07,0x00,0x01,0xFF,0xFF,0xFF,0xFF,
 677          0xFF,0x00,0x00,0x00,0x00,0x00,0x00,0x00,0x00,0x00,0x00,0x00,0x00,0x00,0x00,0x00,
 678          0x00,0x00,0x00,0x00,0x00,0x70,0x00,0x03,0xC0,0x00,0x00,0x00,0x00,0x00,0x00,0x00,
 679          0x00,0x07,0x00,0x01,0xFF,0xFF,0xFF,0xFF,0xFE,0x00,0x00,0x1F,0xFF,0xFF,0xF8,0x00,
 680          0x00,0x03,0xFF,0xFF,0xF8,0x00,0x00,0x01,0xFF,0xFF,0xFF,0x00,0x00,0xF0,0x00,0x03,
 681          0xC0,0x00,0x00,0x00,0x00,0x00,0x00,0x00,0x00,0x07,0x80,0x00,0xFF,0xFF,0xFF,0xFF,
 682          0xFE,0x00,0x00,0x3F,0xFF,0xFF,0xF0,0x00,0x00,0x07,0xFF,0xFF,0xF8,0x00,0x00,0x03,
 683          0xFF,0xFF,0xFF,0x00,0x00,0xE0,0x00,0x03,0xC0,0x00,0x00,0x00,0x00,0x00,0x00,0x00,
 684          0x00,0x03,0x80,0x00,0xFF,0xFF,0xFF,0xFF,0xFC,0x00,0x00,0x3F,0xFF,0xFF,0xF0,0x00,
 685          0x00,0x07,0xFF,0xFF,0xF0,0x00,0x00,0x03,0xFF,0xFF,0xFE,0x00,0x01,0xE0,0x00,0x03,
 686          0xC0,0x00,0x00,0x00,0x00,0x00,0x00,0x00,0x00,0x03,0xC0,0x00,0x7F,0xFF,0xFF,0xFF,
 687          0xFC,0x00,0x00,0x7F,0xFF,0xFF,0xE0,0x00,0x00,0x0F,0xFF,0xFF,0xF0,0x00,0x00,0x07,
 688          0xFF,0xFF,0xFE,0x00,0x01,0xC0,0x00,0x03,0xC0,0x00,0x00,0x00,0x00,0x00,0x00,0x00,
 689          0x00,0x01,0xC0,0x00,0x7F,0xFF,0xFF,0xFF,0xF8,0x00,0x00,0x7F,0xFF,0xFF,0xE0,0x00,
 690          0x00,0x0F,0xFF,0xFF,0xE0,0x00,0x00,0x07,0xFF,0xFF,0xFC,0x00,0x01,0xC0,0x00,0x03,
 691          0xC0,0x00,0x00,0x00,0x00,0x00,0x00,0x00,0x00,0x01,0xC0,0x00,0x3F,0xFF,0xFF,0xFF,
 692          0xF0,0x00,0x00,0xFF,0xFF,0xFF,0xC0,0x00,0x00,0x1F,0xFF,0xFF,0xE0,0x00,0x00,0x0F,
 693          0xFF,0xFF,0xFC,0x00,0x03,0x80,0x00,0x03,0xC0,0x00,0x00,0x00,0x00,0x00,0x00,0x00,
 694          0x00,0x00,0xE0,0x00,0x3F,0xFF,0xFF,0xFF,0xF0,0x00,0x00,0xFF,0xFF,0xFF,0xC0,0x00,
 695          0x00,0x1F,0xFF,0xFF,0xC0,0x00,0x00,0x0F,0xFF,0xFF,0xF8,0x00,0x03,0x80,0x00,0x03,
 696          0xC0,0x00,0x00,0x00,0x00,0x00,0x00,0x00,0x00,0x00,0xE0,0x00,0x1F,0xFF,0xFF,0xFF,
 697          0xE0,0x00,0x01,0xFF,0xFF,0xFF,0x80,0x00,0x00,0x3F,0xFF,0xFF,0xC0,0x00,0x00,0x1F,
 698          0xFF,0xFF,0xF0,0x00,0x07,0x00,0x00,0x03,0xC0,0x00,0x00,0x00,0x00,0x00,0x00,0x00,
 699          0x00,0x00,0xF0,0x00,0x1F,0xFF,0xFF,0xFF,0xE0,0x00,0x01,0xFF,0xFF,0xFF,0x80,0x00,
 700          0x00,0x3F,0xFF,0xFF,0x80,0x00,0x00,0x1F,0xFF,0xFF,0xF0,0x00,0x07,0x00,0x00,0x03,
 701          0xC0,0x00,0x00,0x00,0x00,0x00,0x00,0x00,0x00,0x00,0x70,0x00,0x0F,0xFF,0xFF,0xFF,
 702          0xC0,0x00,0x03,0xFF,0xFF,0xFF,0x00,0x00,0x00,0x7F,0xFF,0xFF,0x80,0x00,0x00,0x3F,
 703          0xFF,0xFF,0xE0,0x00,0x0E,0x00,0x00,0x03,0xC0,0x00,0x00,0x00,0x00,0x00,0x00,0x00,
 704          0x00,0x00,0x78,0x00,0x0F,0xFF,0xFF,0xFF,0x80,0x00,0x03,0xFF,0xFF,0xFF,0x00,0x00,
 705          0x00,0x7F,0xFF,0xFF,0x00,0x00,0x00,0x3F,0xFF,0xFF,0xE0,0x00,0x0E,0x00,0x00,0x03,
 706          0xC0,0x00,0x00,0x00,0x00,0x00,0x00,0x00,0x00,0x00,0x38,0x00,0x07,0xFF,0xFF,0xFF,
 707          0x80,0x00,0x07,0xFF,0xFF,0xFE,0x00,0x00,0x00,0xFF,0xFF,0xFF,0x00,0x00,0x00,0x7F,
 708          0xFF,0xFF,0xC0,0x00,0x1C,0x00,0x00,0x03,0xC0,0x00,0x00,0x00,0x00,0x00,0x00,0x00,
 709          0x00,0x00,0x38,0x00,0x07,0xFF,0xFF,0xFF,0x00,0x00,0x07,0xFF,0xFF,0xFC,0x00,0x00,
 710          0x00,0xFF,0xFF,0xFE,0x00,0x00,0x00,0x7F,0xFF,0xFF,0xC0,0x00,0x1C,0x00,0x00,0x03,
 711          0xC0,0x00,0x00,0x00,0x00,0x00,0x00,0x00,0x00,0x00,0x1C,0x00,0x03,0xFF,0xFF,0xFF,
 712          0x00,0x00,0x0F,0xFF,0xFF,0xFC,0x00,0x00,0x01,0xFF,0xFF,0xFE,0x00,0x00,0x00,0xFF,
 713          0xFF,0xFF,0x80,0x00,0x38,0x00,0x00,0x03,0xC0,0x00,0x00,0x00,0x00,0x00,0x00,0x00,
 714          0x00,0x00,0x1C,0x00,0x03,0xFF,0xFF,0xFE,0x00,0x00,0x0F,0xFF,0xFF,0xF8,0x00,0x00,
 715          0x03,0xFF,0xFF,0xFC,0x00,0x00,0x00,0xFF,0xFF,0xFF,0x80,0x00,0x38,0x00,0x00,0x03,
 716          0xC0,0x00,0x00,0x00,0x00,0x00,0x00,0x00,0x00,0x00,0x1E,0x00,0x01,0xFF,0xFF,0xFC,
 717          0x00,0x00,0x1F,0xFF,0xFF,0xF8,0x00,0x00,0x03,0xFF,0xFF,0xFC,0x00,0x00,0x01,0xFF,
 718          0xFF,0xFF,0x00,0x00,0x70,0x00,0x00,0x03,0xC0,0x00,0x00,0x00,0x00,0x00,0x00,0x00,
 719          0x00,0x00,0x0E,0x00,0x01,0xFF,0xFF,0xFC,0x00,0x00,0x1F,0xFF,0xFF,0xF0,0x00,0x00,
 720          0x07,0xFF,0xFF,0xF8,0x00,0x00,0x01,0xFF,0xFF,0xFF,0x00,0x00,0x70,0x00,0x00,0x03,
 721          0xC0,0x00,0x00,0x00,0x00,0x00,0x00,0x00,0x00,0x00,0x0F,0x00,0x00,0xFF,0xFF,0xF8,
 722          0x00,0x00,0x3F,0xFF,0xFF,0xF0,0x00,0x00,0x07,0xFF,0xFF,0xF8,0x00,0x00,0x03,0xFF,
 723          0xFF,0xFE,0x00,0x00,0xE0,0x00,0x00,0x03,0xC0,0x00,0x00,0x00,0x00,0x00,0x00,0x00,
 724          0x00,0x00,0x07,0x00,0x00,0xFF,0xFF,0xF8,0x00,0x00,0x3F,0xFF,0xFF,0xE0,0x00,0x00,
 725          0x0F,0xFF,0xFF,0xF0,0x00,0x00,0x03,0xFF,0xFF,0xFE,0x00,0x00,0xE0,0x00,0x00,0x03,
 726          0xC0,0x00,0x00,0x00,0x00,0x00,0x00,0x00,0x00,0x00,0x07,0x00,0x00,0x7F,0xFF,0xF0,
 727          0x00,0x00,0x7F,0xFF,0xFF,0xE0,0x00,0x00,0x0F,0xFF,0xFF,0xF9,0xBC,0x78,0xEF,0xFF,
 728          0xFF,0xFC,0x00,0x01,0xC0,0x00,0x00,0x03,0xC0,0x00,0x00,0x00,0x00,0x00,0x00,0x00,
 729          0x00,0x00,0x03,0x80,0x00,0x7F,0xFF,0xE0,0x00,0x00,0x7F,0xFF,0xFF,0xC0,0x00,0x00,
 730          0x1F,0xFF,0xFF,0xFF,0xFF,0xFF,0xFF,0xFF,0xFF,0xFC,0x00,0x01,0xC0,0x00,0x00,0x03,
 731          0xC0,0x00,0x00,0x00,0x00,0x00,0x00,0x00,0x00,0x00,0x03,0x80,0x00,0x3F,0xFF,0xE0,
 732          0x00,0x00,0xFF,0xFF,0xFF,0xC0,0x00,0x00,0x1F,0xFF,0xFF,0xFF,0xFF,0xFF,0xFF,0xFF,
 733          0xFF,0xF8,0x00,0x03,0x80,0x00,0x00,0x03,0xC0,0x00,0x00,0x00,0x00,0x00,0x00,0x00,
 734          0x00,0x00,0x03,0xC0,0x00,0x3F,0xFF,0xC0,0x00,0x00,0xFF,0xFF,0xFF,0x80,0x00,0x00,
 735          0x3F,0xFF,0xFF,0xFF,0xFF,0xFF,0xFF,0xFF,0xFF,0xF8,0x00,0x03,0x80,0x00,0x00,0x03,
 736          0xC0,0x00,0x00,0x00,0x00,0x00,0x00,0x00,0x00,0x00,0x01,0xC0,0x00,0x1F,0xFF,0xC0,
C51 COMPILER V9.60.7.0   PIC                                                               06/24/2025 13:36:27 PAGE 13  

 737          0x00,0x01,0xFF,0xFF,0xFF,0x80,0x00,0x00,0x3F,0xFF,0xFF,0xFF,0xFF,0xFF,0xFF,0xFF,
 738          0xFF,0xF0,0x00,0x07,0x00,0x00,0x00,0x03,0xC0,0x00,0x00,0x00,0x00,0x00,0x00,0x00,
 739          0x00,0x00,0x01,0xE0,0x00,0x1F,0xFF,0x80,0x00,0x01,0xFF,0xFF,0xFF,0x00,0x00,0x00,
 740          0x7F,0xFF,0xFF,0xFF,0xFF,0xFF,0xFF,0xFF,0xFF,0xF0,0x00,0x07,0x00,0x00,0x00,0x03,
 741          0xC0,0x00,0x00,0x00,0x00,0x00,0x00,0x00,0x00,0x00,0x00,0xE0,0x00,0x0F,0xFF,0x00,
 742          0x00,0x03,0xFF,0xFF,0xFE,0x00,0x00,0x00,0x7F,0xFF,0xFF,0xFF,0xFF,0xFF,0xFF,0xFF,
 743          0xFF,0xE0,0x00,0x0E,0x00,0x00,0x00,0x03,0xC0,0x00,0x00,0x00,0x00,0x00,0x00,0x00,
 744          0x00,0x00,0x00,0xE0,0x00,0x0F,0xFF,0x00,0x00,0x03,0xFF,0xFF,0xFE,0x00,0x00,0x00,
 745          0xFF,0xFF,0xFF,0xFF,0xFF,0xFF,0xFF,0xFF,0xFF,0xE0,0x00,0x0E,0x00,0x00,0x00,0x03,
 746          0xC0,0x00,0x00,0x00,0x00,0x00,0x00,0x00,0x00,0x00,0x00,0x70,0x00,0x07,0xFE,0x00,
 747          0x00,0x07,0xFF,0xFF,0xFC,0x00,0x00,0x00,0xFF,0xFF,0xFF,0xFF,0xFF,0xFF,0xFF,0xFF,
 748          0xFF,0xC0,0x00,0x1E,0x00,0x00,0x00,0x03,0xC0,0x00,0x00,0x00,0x00,0x00,0x00,0x00,
 749          0x00,0x00,0x00,0x70,0x00,0x07,0xFE,0x00,0x00,0x07,0xFF,0xFF,0xFC,0x00,0x00,0x01,
 750          0xFF,0xFF,0xFF,0xFF,0xFF,0xFF,0xFF,0xFF,0xFF,0xC0,0x00,0x1C,0x00,0x00,0x00,0x03,
 751          0xC0,0x00,0x00,0x00,0x00,0x00,0x00,0x00,0x00,0x00,0x00,0x78,0x00,0x03,0xFC,0x00,
 752          0x00,0x0F,0xFF,0xFF,0xF8,0x00,0x00,0x01,0xFF,0xFF,0xFF,0xFF,0xFF,0xFF,0xFF,0xFF,
 753          0xFF,0x80,0x00,0x3C,0x00,0x00,0x00,0x03,0xC0,0x00,0x00,0x00,0x00,0x00,0x00,0x00,
 754          0x00,0x00,0x00,0x38,0x00,0x03,0xFC,0x00,0x00,0x0F,0xFF,0xFF,0xF8,0x00,0x00,0x03,
 755          0xFF,0xFF,0xFF,0xFF,0xFF,0xFF,0xFF,0xFF,0xFF,0x80,0x00,0x38,0x00,0x00,0x00,0x03,
 756          0xC0,0x00,0x00,0x00,0x00,0x00,0x00,0x00,0x00,0x00,0x00,0x38,0x00,0x01,0xF8,0x00,
 757          0x00,0x1F,0xFF,0xFF,0xF0,0x00,0x00,0x03,0xFF,0xFF,0xFF,0xFF,0xFF,0xFF,0xFF,0xFF,
 758          0xFF,0x00,0x00,0x78,0x00,0x00,0x00,0x03,0xC0,0x00,0x00,0x00,0x00,0x00,0x00,0x00,
 759          0x00,0x00,0x00,0x1C,0x00,0x01,0xF0,0x00,0x00,0x1F,0xFF,0xFF,0xF0,0x00,0x00,0x07,
 760          0xFF,0xFF,0xFF,0xFF,0xFF,0xFF,0xFF,0xFF,0xFF,0x00,0x00,0x70,0x00,0x00,0x00,0x03,
 761          0xC0,0x00,0x00,0x00,0x00,0x00,0x00,0x00,0x00,0x00,0x00,0x1C,0x00,0x00,0xF0,0x00,
 762          0x00,0x3F,0xFF,0xFF,0xE0,0x00,0x00,0x07,0xFF,0xFF,0xFF,0xFF,0xFF,0xFF,0xFF,0xFF,
 763          0xFE,0x00,0x00,0xF0,0x00,0x00,0x00,0x03,0xC0,0x00,0x00,0x00,0x00,0x00,0x00,0x00,
 764          0x00,0x00,0x00,0x1E,0x00,0x00,0xE0,0x00,0x00,0x3F,0xFF,0xFF,0xE0,0x00,0x00,0x0F,
 765          0xFF,0xFF,0xFF,0xFF,0xFF,0xFF,0xFF,0xFF,0xFE,0x00,0x00,0xE0,0x00,0x00,0x00,0x03,
 766          0xC0,0x00,0x00,0x00,0x00,0x00,0x00,0x00,0x00,0x00,0x00,0x0E,0x00,0x00,0x60,0x00,
 767          0x00,0x7F,0xFF,0xFF,0xC0,0x00,0x00,0x1F,0xFF,0xFF,0xFF,0xFF,0xFF,0xFF,0xFF,0xFF,
 768          0xFC,0x00,0x01,0xE0,0x00,0x00,0x00,0x03,0xC0,0x00,0x00,0x00,0x00,0x00,0x00,0x00,
 769          0x00,0x00,0x00,0x0F,0x00,0x00,0x40,0x00,0x00,0x7F,0xFF,0xFF,0xC0,0x00,0x00,0x1F,
 770          0xFF,0xFF,0xFF,0xFF,0xFF,0xFF,0xFF,0xFF,0xFC,0x00,0x01,0xC0,0x00,0x00,0x00,0x03,
 771          0xC0,0x00,0x00,0x00,0x00,0x00,0x00,0x00,0x00,0x00,0x00,0x07,0x00,0x00,0x00,0x00,
 772          0x00,0xFF,0xFF,0xFF,0x80,0x00,0x00,0x3F,0xFF,0xFF,0xFF,0xFF,0xFF,0xFF,0xFF,0xFF,
 773          0xF8,0x00,0x03,0xC0,0x00,0x00,0x00,0x03,0xC0,0x00,0x00,0x00,0x00,0x00,0x00,0x00,
 774          0x00,0x00,0x00,0x07,0x00,0x00,0x00,0x00,0x00,0xFF,0xFF,0xFF,0x80,0x00,0x00,0x3F,
 775          0xFF,0xFF,0xFF,0xFF,0xFF,0xFF,0xFF,0xFF,0xF8,0x00,0x03,0x80,0x00,0x00,0x00,0x03,
 776          0xC0,0x00,0x00,0x00,0x00,0x00,0x00,0x00,0x00,0x00,0x00,0x03,0x80,0x00,0x00,0x00,
 777          0x01,0xFF,0xFF,0xFF,0x00,0x00,0x00,0x7F,0xFF,0xFF,0xFF,0xFF,0xFF,0xFF,0xFF,0xFF,
 778          0xF0,0x00,0x07,0x80,0x00,0x00,0x00,0x03,0xC0,0x00,0x00,0x00,0x00,0x00,0x00,0x00,
 779          0x00,0x00,0x00,0x03,0x80,0x00,0x00,0x00,0x03,0xFF,0xFF,0xFE,0x00,0x00,0x00,0x7F,
 780          0xFF,0xFF,0xFF,0xFF,0xFF,0xFF,0xFF,0xFF,0xF0,0x00,0x07,0x00,0x00,0x00,0x00,0x03,
 781          0xC0,0x00,0x00,0x00,0x00,0x00,0x00,0x00,0x00,0x00,0x00,0x01,0xC0,0x00,0x00,0x00,
 782          0x03,0xFF,0xFF,0xFE,0x00,0x00,0x00,0xFF,0xFF,0xFF,0xFF,0xFF,0xFF,0xFF,0xFF,0xFF,
 783          0xE0,0x00,0x0F,0x00,0x00,0x00,0x00,0x03,0xC0,0x00,0x00,0x00,0x00,0x00,0x00,0x00,
 784          0x00,0x00,0x00,0x01,0xC0,0x00,0x00,0x00,0x07,0xFF,0xFF,0xFC,0x00,0x00,0x00,0xFF,
 785          0xFF,0xFF,0xFF,0xFF,0xFF,0xFF,0xFF,0xFF,0xE0,0x00,0x0E,0x00,0x00,0x00,0x00,0x03,
 786          0xC0,0x00,0x00,0x00,0x00,0x00,0x00,0x00,0x00,0x00,0x00,0x01,0xE0,0x00,0x00,0x00,
 787          0x07,0xFF,0xFF,0xFC,0x00,0x00,0x01,0xFF,0xFF,0xFF,0xFF,0xFF,0xFF,0xFF,0xFF,0xFF,
 788          0xC0,0x00,0x1E,0x00,0x00,0x00,0x00,0x03,0xC0,0x00,0x00,0x00,0x00,0x00,0x00,0x00,
 789          0x00,0x00,0x00,0x00,0xE0,0x00,0x00,0x00,0x0F,0xFF,0xFF,0xF8,0x00,0x00,0x01,0xFF,
 790          0xFF,0xFF,0xFF,0xFF,0xFF,0xFF,0xFF,0xFF,0xC0,0x00,0x1C,0x00,0x00,0x00,0x00,0x03,
 791          0xC0,0x00,0x00,0x00,0x00,0x00,0x00,0x00,0x00,0x00,0x00,0x00,0xE0,0x00,0x00,0x00,
 792          0x0F,0xFF,0xFF,0xF8,0x00,0x00,0x03,0xFF,0xFF,0xFF,0x7F,0xFF,0xFD,0xFF,0xFF,0xFF,
 793          0x80,0x00,0x3C,0x00,0x00,0x00,0x00,0x03,0xC0,0x00,0x00,0x00,0x00,0x00,0x00,0x00,
 794          0x00,0x00,0x00,0x00,0x70,0x00,0x00,0x00,0x1F,0xFF,0xFF,0xF0,0x00,0x00,0x03,0xFF,
 795          0xFF,0xFE,0x00,0x00,0x01,0xFF,0xFF,0xFF,0x80,0x00,0x38,0x00,0x00,0x00,0x00,0x03,
 796          0xC0,0x00,0x00,0x00,0x00,0x00,0x00,0x00,0x00,0x00,0x00,0x00,0x70,0x00,0x00,0x00,
 797          0x1F,0xFF,0xFF,0xF0,0x00,0x00,0x07,0xFF,0xFF,0xFC,0x00,0x00,0x01,0xFF,0xFF,0xFF,
 798          0x00,0x00,0x78,0x00,0x00,0x00,0x00,0x03,0xC0,0x00,0x00,0x00,0x00,0x00,0x00,0x00,
C51 COMPILER V9.60.7.0   PIC                                                               06/24/2025 13:36:27 PAGE 14  

 799          0x00,0x00,0x00,0x00,0x38,0x00,0x00,0x00,0x3F,0xFF,0xFF,0xE0,0x00,0x00,0x07,0xFF,
 800          0xFF,0xFC,0x00,0x00,0x03,0xFF,0xFF,0xFF,0x00,0x00,0x70,0x00,0x00,0x00,0x00,0x03,
 801          0xC0,0x00,0x00,0x00,0x00,0x00,0x00,0x00,0x00,0x00,0x00,0x00,0x38,0x00,0x00,0x00,
 802          0x3F,0xFF,0xFF,0xE0,0x00,0x00,0x0F,0xFF,0xFF,0xF8,0x00,0x00,0x03,0xFF,0xFF,0xFE,
 803          0x00,0x00,0xF0,0x00,0x00,0x00,0x00,0x03,0xC0,0x00,0x00,0x00,0x00,0x00,0x00,0x00,
 804          0x00,0x00,0x00,0x00,0x3C,0x00,0x00,0x00,0x7F,0xFF,0xFF,0xC0,0x00,0x00,0x0F,0xFF,
 805          0xFF,0xF8,0x00,0x00,0x07,0xFF,0xFF,0xFE,0x00,0x00,0xE0,0x00,0x00,0x00,0x00,0x03,
 806          0xC0,0x00,0x00,0x00,0x00,0x00,0x00,0x00,0x00,0x00,0x00,0x00,0x1C,0x00,0x00,0x00,
 807          0x7F,0xFF,0xFF,0xC0,0x00,0x00,0x1F,0xFF,0xFF,0xF0,0x00,0x00,0x07,0xFF,0xFF,0xFC,
 808          0x00,0x01,0xE0,0x00,0x00,0x00,0x00,0x03,0xC0,0x00,0x00,0x00,0x00,0x00,0x00,0x00,
 809          0x00,0x00,0x00,0x00,0x1C,0x00,0x00,0x00,0xFF,0xFF,0xFF,0x80,0x00,0x00,0x1F,0xFF,
 810          0xFF,0xF0,0x00,0x00,0x0F,0xFF,0xFF,0xFC,0x00,0x01,0xC0,0x00,0x00,0x00,0x00,0x03,
 811          0xC0,0x00,0x00,0x00,0x00,0x00,0x00,0x00,0x00,0x00,0x00,0x00,0x0E,0x00,0x00,0x00,
 812          0xFF,0xFF,0xFF,0x80,0x00,0x00,0x3F,0xFF,0xFF,0xE0,0x00,0x00,0x0F,0xFF,0xFF,0xF8,
 813          0x00,0x03,0xC0,0x00,0x00,0x00,0x00,0x03,0xC0,0x00,0x00,0x00,0x00,0x00,0x00,0x00,
 814          0x00,0x00,0x00,0x00,0x0E,0x00,0x00,0x01,0xFF,0xFF,0xFF,0x00,0x00,0x00,0x3F,0xFF,
 815          0xFF,0xC0,0x00,0x00,0x1F,0xFF,0xFF,0xF8,0x00,0x03,0x80,0x00,0x00,0x00,0x00,0x03,
 816          0xC0,0x00,0x00,0x00,0x00,0x00,0x00,0x00,0x00,0x00,0x00,0x00,0x0F,0x00,0x00,0x01,
 817          0xFF,0xFF,0xFE,0x00,0x00,0x00,0x7F,0xFF,0xFF,0xC0,0x00,0x00,0x1F,0xFF,0xFF,0xF0,
 818          0x00,0x07,0x80,0x00,0x00,0x00,0x00,0x03,0xC0,0x00,0x00,0x00,0x00,0x00,0x00,0x00,
 819          0x00,0x00,0x00,0x00,0x07,0x00,0x00,0x03,0xFF,0xFF,0xFE,0x00,0x00,0x00,0x7F,0xFF,
 820          0xFF,0x80,0x00,0x00,0x3F,0xFF,0xFF,0xE0,0x00,0x07,0x00,0x00,0x00,0x00,0x00,0x03,
 821          0xC0,0x00,0x00,0x00,0x00,0x00,0x00,0x00,0x00,0x00,0x00,0x00,0x07,0x80,0x00,0x03,
 822          0xFF,0xFF,0xFC,0x00,0x00,0x00,0xFF,0xFF,0xFF,0x80,0x00,0x00,0x3F,0xFF,0xFF,0xE0,
 823          0x00,0x0F,0x00,0x00,0x00,0x00,0x00,0x03,0xC0,0x00,0x00,0x00,0x00,0x00,0x00,0x00,
 824          0x00,0x00,0x00,0x00,0x03,0x80,0x00,0x07,0xFF,0xFF,0xFC,0x00,0x00,0x00,0xFF,0xFF,
 825          0xFF,0x00,0x00,0x00,0x7F,0xFF,0xFF,0xC0,0x00,0x0E,0x00,0x00,0x00,0x00,0x00,0x03,
 826          0xC0,0x00,0x00,0x00,0x00,0x00,0x00,0x00,0x00,0x00,0x00,0x00,0x07,0x80,0x00,0x07,
 827          0xFF,0xFF,0xF8,0x00,0x00,0x01,0xFF,0xFF,0xFF,0x00,0x00,0x00,0x7F,0xFF,0xFF,0xC0,
 828          0x00,0x1E,0x00,0x00,0x00,0x00,0x00,0x03,0xC0,0x00,0x00,0x00,0x00,0x00,0x00,0x00,
 829          0x00,0x00,0x00,0x00,0x07,0x00,0x00,0x0F,0xFF,0xFF,0xF8,0x00,0x00,0x01,0xFF,0xFF,
 830          0xFE,0x00,0x00,0x00,0xFF,0xFF,0xFF,0x80,0x00,0x1C,0x00,0x00,0x00,0x00,0x00,0x03,
 831          0xC0,0x00,0x00,0x00,0x00,0x00,0x00,0x00,0x00,0x00,0x00,0x00,0x0F,0x00,0x00,0x0F,
 832          0xFF,0xFF,0xF0,0x00,0x00,0x03,0xFF,0xFF,0xFE,0x00,0x00,0x00,0xFF,0xFF,0xFF,0x80,
 833          0x00,0x3C,0x00,0x00,0x00,0x00,0x00,0x03,0xC0,0x00,0x00,0x00,0x00,0x00,0x00,0x00,
 834          0x00,0x00,0x00,0x00,0x0E,0x00,0x00,0x1F,0xFF,0xFF,0xF0,0x00,0x00,0x07,0xFF,0xFF,
 835          0xFC,0x00,0x00,0x01,0xFF,0xFF,0xFF,0x00,0x00,0x38,0x00,0x00,0x00,0x00,0x00,0x03,
 836          0xC0,0x00,0x00,0x00,0x00,0x00,0x00,0x00,0x00,0x00,0x00,0x00,0x1E,0x00,0x00,0x1F,
 837          0xFF,0xFF,0xE0,0x00,0x00,0x07,0xFF,0xFF,0xFC,0x00,0x00,0x01,0xFF,0xFF,0xFF,0x00,
 838          0x00,0x78,0x00,0x00,0x00,0x00,0x00,0x03,0xC0,0x00,0x00,0x00,0x00,0x00,0x00,0x00,
 839          0x00,0x00,0x00,0x00,0x1C,0x00,0x00,0x3F,0xFF,0xFF,0xE0,0x00,0x00,0x0F,0xFF,0xFF,
 840          0xF8,0x00,0x00,0x03,0xFF,0xFF,0xFE,0x00,0x00,0x70,0x00,0x00,0x00,0x00,0x00,0x03,
 841          0xC0,0x00,0x00,0x00,0x00,0x00,0x00,0x00,0x00,0x00,0x00,0x00,0x3C,0x00,0x00,0x3F,
 842          0xFF,0xFF,0xC0,0x00,0x00,0x0F,0xFF,0xFF,0xF8,0x00,0x00,0x03,0xFF,0xFF,0xFE,0x00,
 843          0x00,0xF0,0x00,0x00,0x00,0x00,0x00,0x03,0xC0,0x00,0x00,0x00,0x00,0x00,0x00,0x00,
 844          0x00,0x00,0x00,0x00,0x38,0x00,0x00,0x7F,0xFF,0xFF,0xC0,0x00,0x00,0x1F,0xFF,0xFF,
 845          0xF0,0x00,0x00,0x07,0xFF,0xFF,0xFC,0x00,0x00,0xE0,0x00,0x00,0x00,0x00,0x00,0x03,
 846          0xC0,0x00,0x00,0x00,0x00,0x00,0x00,0x00,0x00,0x00,0x00,0x00,0x78,0x00,0x00,0x7F,
 847          0xFF,0xFF,0x80,0x00,0x00,0x1F,0xFF,0xFF,0xF0,0x00,0x00,0x07,0xFF,0xFF,0xFC,0x00,
 848          0x01,0xE0,0x00,0x00,0x00,0x00,0x00,0x03,0xC0,0x00,0x00,0x00,0x00,0x00,0x00,0x00,
 849          0x00,0x00,0x00,0x00,0x70,0x00,0x00,0xFF,0xFF,0xFF,0x00,0x00,0x00,0x00,0x00,0x00,
 850          0x00,0x00,0x00,0x0F,0xFF,0xFF,0xF8,0x00,0x01,0xC0,0x00,0x00,0x00,0x00,0x00,0x03,
 851          0xC0,0x00,0x00,0x00,0x00,0x00,0x00,0x00,0x00,0x00,0x00,0x00,0xF0,0x00,0x00,0xFF,
 852          0xFF,0xFF,0x00,0x00,0x00,0x00,0x00,0x00,0x00,0x00,0x00,0x0F,0xFF,0xFF,0xF8,0x00,
 853          0x03,0xC0,0x00,0x00,0x00,0x00,0x00,0x03,0xC0,0x00,0x00,0x00,0x00,0x00,0x00,0x00,
 854          0x00,0x00,0x00,0x00,0xE0,0x00,0x01,0xFF,0xFF,0xFE,0x00,0x00,0x00,0x00,0x00,0x00,
 855          0x00,0x00,0x00,0x1F,0xFF,0xFF,0xF0,0x00,0x03,0x80,0x00,0x00,0x00,0x00,0x00,0x03,
 856          0xC0,0x00,0x00,0x00,0x00,0x00,0x00,0x00,0x00,0x00,0x00,0x01,0xE0,0x00,0x01,0xFF,
 857          0xFF,0xFE,0x00,0x00,0x00,0x00,0x00,0x00,0x00,0x00,0x00,0x1F,0xFF,0xFF,0xF0,0x00,
 858          0x07,0x80,0x00,0x00,0x00,0x00,0x00,0x03,0xC0,0x00,0x00,0x00,0x00,0x00,0x00,0x00,
 859          0x00,0x00,0x00,0x01,0xC0,0x00,0x03,0xFF,0xFF,0xFC,0x00,0x00,0x00,0x00,0x00,0x00,
 860          0x00,0x00,0x00,0x3F,0xFF,0xFF,0xE0,0x00,0x07,0x00,0x00,0x00,0x00,0x00,0x00,0x03,
C51 COMPILER V9.60.7.0   PIC                                                               06/24/2025 13:36:27 PAGE 15  

 861          0xC0,0x00,0x00,0x00,0x00,0x00,0x00,0x00,0x00,0x00,0x00,0x03,0xC0,0x00,0x03,0xFF,
 862          0xFF,0xFC,0x00,0x00,0x00,0x00,0x00,0x00,0x00,0x00,0x00,0x7F,0xFF,0xFF,0xE0,0x00,
 863          0x0F,0x00,0x00,0x00,0x00,0x00,0x00,0x03,0xC0,0x00,0x00,0x00,0x00,0x00,0x00,0x00,
 864          0x00,0x00,0x00,0x03,0x80,0x00,0x07,0xFF,0xFF,0xF8,0x00,0x00,0x00,0x00,0x00,0x00,
 865          0x00,0x00,0x00,0x7F,0xFF,0xFF,0xC0,0x00,0x0E,0x00,0x00,0x00,0x00,0x00,0x00,0x03,
 866          0xC0,0x00,0x00,0x00,0x00,0x00,0x00,0x00,0x00,0x00,0x00,0x07,0x80,0x00,0x07,0xFF,
 867          0xFF,0xF8,0x00,0x00,0x00,0x00,0x00,0x00,0x00,0x00,0x00,0xFF,0xFF,0xFF,0xC0,0x00,
 868          0x1E,0x00,0x00,0x00,0x00,0x00,0x00,0x03,0xC0,0x00,0x00,0x00,0x00,0x00,0x00,0x00,
 869          0x00,0x00,0x00,0x07,0x00,0x00,0x0F,0xFF,0xFF,0xF0,0x00,0x00,0x00,0x00,0x00,0x00,
 870          0x00,0x00,0x00,0xFF,0xFF,0xFF,0x80,0x00,0x1C,0x00,0x00,0x00,0x00,0x00,0x00,0x03,
 871          0xC0,0x00,0x00,0x00,0x00,0x00,0x00,0x00,0x00,0x00,0x00,0x0F,0x00,0x00,0x0F,0xFF,
 872          0xFF,0xF0,0x00,0x00,0x00,0x00,0x00,0x00,0x00,0x00,0x01,0xFF,0xFF,0xFF,0x80,0x00,
 873          0x3C,0x00,0x00,0x00,0x00,0x00,0x00,0x03,0xC0,0x00,0x00,0x00,0x00,0x00,0x00,0x00,
 874          0x00,0x00,0x00,0x0E,0x00,0x00,0x1F,0xFF,0xFF,0xE0,0x00,0x00,0x00,0x00,0x00,0x00,
 875          0x00,0x00,0x01,0xFF,0xFF,0xFF,0x00,0x00,0x38,0x00,0x00,0x00,0x00,0x00,0x00,0x03,
 876          0xC0,0x00,0x00,0x00,0x00,0x00,0x00,0x00,0x00,0x00,0x00,0x1E,0x00,0x00,0x1F,0xFF,
 877          0xFF,0xE0,0x00,0x00,0x00,0x00,0x00,0x00,0x00,0x00,0x03,0xFF,0xFF,0xFF,0x00,0x00,
 878          0x78,0x00,0x00,0x00,0x00,0x00,0x00,0x03,0xC0,0x00,0x00,0x00,0x00,0x00,0x00,0x00,
 879          0x00,0x00,0x00,0x1C,0x00,0x00,0x3F,0xFF,0xFF,0xC0,0x00,0x00,0x00,0x00,0x00,0x00,
 880          0x00,0x00,0x03,0xFF,0xFF,0xFE,0x00,0x00,0x70,0x00,0x00,0x00,0x00,0x00,0x00,0x03,
 881          0xC0,0x00,0x00,0x00,0x00,0x00,0x00,0x00,0x00,0x00,0x00,0x3C,0x00,0x00,0x3F,0xFF,
 882          0xFF,0xC0,0x00,0x00,0x00,0x00,0x00,0x00,0x00,0x00,0x07,0xFF,0xFF,0xFE,0x00,0x00,
 883          0xF0,0x00,0x00,0x00,0x00,0x00,0x00,0x03,0xC0,0x00,0x00,0x00,0x00,0x00,0x00,0x00,
 884          0x00,0x00,0x00,0x38,0x00,0x00,0x7F,0xFF,0xFF,0x80,0x00,0x00,0x00,0x00,0x00,0x00,
 885          0x00,0x00,0x07,0xFF,0xFF,0xFC,0x00,0x00,0xE0,0x00,0x00,0x00,0x00,0x00,0x00,0x03,
 886          0xC0,0x00,0x00,0x00,0x00,0x00,0x00,0x00,0x00,0x00,0x00,0x78,0x00,0x00,0x7F,0xFF,
 887          0xFF,0x00,0x00,0x00,0x00,0x00,0x00,0x00,0x00,0x00,0x0F,0xFF,0xFF,0xFC,0x00,0x01,
 888          0xE0,0x00,0x00,0x00,0x00,0x00,0x00,0x03,0xC0,0x00,0x00,0x00,0x00,0x00,0x00,0x00,
 889          0x00,0x00,0x00,0x70,0x00,0x00,0xFF,0xFF,0xFF,0x00,0x00,0x00,0x00,0x00,0x00,0x00,
 890          0x00,0x00,0x0F,0xFF,0xFF,0xF8,0x00,0x01,0xC0,0x00,0x00,0x00,0x00,0x00,0x00,0x03,
 891          0xC0,0x00,0x00,0x00,0x00,0x00,0x00,0x00,0x00,0x00,0x00,0xF0,0x00,0x00,0xFF,0xFF,
 892          0xFE,0x00,0x00,0x00,0x00,0x00,0x00,0x00,0x00,0x00,0x1F,0xFF,0xFF,0xF8,0x00,0x03,
 893          0xC0,0x00,0x00,0x00,0x00,0x00,0x00,0x03,0xC0,0x00,0x00,0x00,0x00,0x00,0x00,0x00,
 894          0x00,0x00,0x00,0xE0,0x00,0x01,0xFF,0xFF,0xFE,0x00,0x00,0x00,0x00,0x00,0x00,0x00,
 895          0x00,0x00,0x1F,0xFF,0xFF,0xF0,0x00,0x03,0x80,0x00,0x00,0x00,0x00,0x00,0x00,0x03,
 896          0xC0,0x00,0x00,0x00,0x00,0x00,0x00,0x00,0x00,0x00,0x01,0xE0,0x00,0x01,0xFF,0xFF,
 897          0xFC,0x00,0x00,0x00,0x00,0x00,0x00,0x00,0x00,0x00,0x3F,0xFF,0xFF,0xF0,0x00,0x07,
 898          0x80,0x00,0x00,0x00,0x00,0x00,0x00,0x03,0xC0,0x00,0x00,0x00,0x00,0x00,0x00,0x00,
 899          0x00,0x00,0x01,0xC0,0x00,0x03,0xFF,0xFF,0xFC,0x00,0x00,0x00,0x00,0x00,0x00,0x00,
 900          0x00,0x00,0x3F,0xFF,0xFF,0xE0,0x00,0x07,0x00,0x00,0x00,0x00,0x00,0x00,0x00,0x03,
 901          0xC0,0x00,0x00,0x00,0x00,0x00,0x00,0x00,0x00,0x00,0x03,0xC0,0x00,0x03,0xFF,0xFF,
 902          0xF8,0x00,0x00,0x00,0x00,0x00,0x00,0x00,0x00,0x00,0x7F,0xFF,0xFF,0xE0,0x00,0x0F,
 903          0x00,0x00,0x00,0x00,0x00,0x00,0x00,0x03,0xC0,0x00,0x00,0x00,0x00,0x00,0x00,0x00,
 904          0x00,0x00,0x03,0x80,0x00,0x07,0xFF,0xFF,0xF8,0x00,0x00,0x00,0x00,0x00,0x00,0x00,
 905          0x00,0x00,0x7F,0xFF,0xFF,0xC0,0x00,0x0E,0x00,0x00,0x00,0x00,0x00,0x00,0x00,0x03,
 906          0xC0,0x00,0x00,0x00,0x00,0x00,0x00,0x00,0x00,0x00,0x07,0x80,0x00,0x07,0xFF,0xFF,
 907          0xF8,0x00,0x00,0x00,0x00,0x00,0x00,0x00,0x00,0x00,0xFF,0xFF,0xFF,0xC0,0x00,0x1E,
 908          0x00,0x00,0x00,0x00,0x00,0x00,0x00,0x03,0xC0,0x00,0x00,0x00,0x00,0x00,0x00,0x00,
 909          0x00,0x00,0x07,0x00,0x00,0x0F,0xFF,0xFF,0xFF,0xFF,0xFF,0xFF,0xFF,0xFF,0xFF,0xFF,
 910          0xFF,0xFF,0xFF,0xFF,0xFF,0x80,0x00,0x1C,0x00,0x00,0x00,0x00,0x00,0x00,0x00,0x03,
 911          0xC0,0x00,0x00,0x00,0x00,0x00,0x00,0x00,0x00,0x00,0x0F,0x00,0x00,0x0F,0xFF,0xFF,
 912          0xFF,0xFF,0xFF,0xFF,0xFF,0xFF,0xFF,0xFF,0xFF,0xFF,0xFF,0xFF,0xFF,0x80,0x00,0x3C,
 913          0x00,0x00,0x00,0x00,0x00,0x00,0x00,0x03,0xC0,0x00,0x00,0x00,0x00,0x00,0x00,0x00,
 914          0x00,0x00,0x0E,0x00,0x00,0x1F,0xFF,0xFF,0xFF,0xFF,0xFF,0xFF,0xFF,0xFF,0xFF,0xFF,
 915          0xFF,0xFF,0xFF,0xFF,0xFF,0x00,0x00,0x38,0x00,0x00,0x00,0x00,0x00,0x00,0x00,0x03,
 916          0xC0,0x00,0x00,0x00,0x00,0x00,0x00,0x00,0x00,0x00,0x1E,0x00,0x00,0x1F,0xFF,0xFF,
 917          0xFF,0xFF,0xFF,0xFF,0xFF,0xFF,0xFF,0xFF,0xFF,0xFF,0xFF,0xFF,0xFF,0x00,0x00,0x78,
 918          0x00,0x00,0x00,0x00,0x00,0x00,0x00,0x03,0xC0,0x00,0x00,0x00,0x00,0x00,0x00,0x00,
 919          0x00,0x00,0x1C,0x00,0x00,0x3F,0xFF,0xFF,0xFF,0xFF,0xFF,0xFF,0xFF,0xFF,0xFF,0xFF,
 920          0xFF,0xFF,0xFF,0xFF,0xFE,0x00,0x00,0x70,0x00,0x00,0x00,0x00,0x00,0x00,0x00,0x03,
 921          0xC0,0x00,0x00,0x00,0x00,0x00,0x00,0x00,0x00,0x00,0x3C,0x00,0x00,0x3F,0xFF,0xFF,
 922          0xFF,0xFF,0xFF,0xFF,0xFF,0xFF,0xFF,0xFF,0xFF,0xFF,0xFF,0xFF,0xFE,0x00,0x00,0xF0,
C51 COMPILER V9.60.7.0   PIC                                                               06/24/2025 13:36:27 PAGE 16  

 923          0x00,0x00,0x00,0x00,0x00,0x00,0x00,0x03,0xC0,0x00,0x00,0x00,0x00,0x00,0x00,0x00,
 924          0x00,0x00,0x38,0x00,0x00,0x7F,0xFF,0xFF,0xFF,0xFF,0xFF,0xFF,0xFF,0xFF,0xFF,0xFF,
 925          0xFF,0xFF,0xFF,0xFF,0xFC,0x00,0x00,0xE0,0x00,0x00,0x00,0x00,0x00,0x00,0x00,0x03,
 926          0xC0,0x00,0x00,0x00,0x00,0x00,0x00,0x00,0x00,0x00,0x78,0x00,0x00,0x7F,0xFF,0xFF,
 927          0xFF,0xFF,0xFF,0xFF,0xFF,0xFF,0xFF,0xFF,0xFF,0xFF,0xFF,0xFF,0xFC,0x00,0x00,0xE0,
 928          0x00,0x00,0x00,0x00,0x00,0x00,0x00,0x03,0xC0,0x00,0x00,0x00,0x00,0x00,0x00,0x00,
 929          0x00,0x00,0x70,0x00,0x00,0xFF,0xFF,0xFF,0xFF,0xFF,0xFF,0xFF,0xFF,0xFF,0xFF,0xFF,
 930          0xFF,0xFF,0xFF,0xFF,0xF8,0x00,0x01,0xC0,0x00,0x00,0x00,0x00,0x00,0x00,0x00,0x03,
 931          0xC0,0x00,0x00,0x00,0x00,0x00,0x00,0x00,0x00,0x00,0xF0,0x00,0x00,0xFF,0xFF,0xFF,
 932          0xFF,0xFF,0xFF,0xFF,0xFF,0xFF,0xFF,0xFF,0xFF,0xFF,0xFF,0xFF,0xF8,0x00,0x01,0xC0,
 933          0x00,0x00,0x00,0x00,0x00,0x00,0x00,0x03,0xC0,0x00,0x00,0x00,0x00,0x00,0x00,0x00,
 934          0x00,0x00,0xE0,0x00,0x01,0xFF,0xFF,0xFF,0xFF,0xFF,0xFF,0xFF,0xFF,0xFF,0xFF,0xFF,
 935          0xFF,0xFF,0xFF,0xFF,0xF0,0x00,0x03,0x80,0x00,0x00,0x00,0x00,0x00,0x00,0x00,0x03,
 936          0xC0,0x00,0x00,0x00,0x00,0x00,0x00,0x00,0x00,0x01,0xE0,0x00,0x01,0xFF,0xFF,0xFF,
 937          0xFF,0xFF,0xFF,0xFF,0xFF,0xFF,0xFF,0xFF,0xFF,0xFF,0xFF,0xFF,0xE0,0x00,0x03,0x80,
 938          0x00,0x00,0x00,0x00,0x00,0x00,0x00,0x03,0xC0,0x00,0x00,0x00,0x00,0x00,0x00,0x00,
 939          0x00,0x01,0xC0,0x00,0x03,0xFF,0xFF,0xFF,0xFF,0xFF,0xFF,0xFF,0xFF,0xFF,0xFF,0xFF,
 940          0xFF,0xFF,0xFF,0xFF,0xE0,0x00,0x07,0x00,0x00,0x00,0x00,0x00,0x00,0x00,0x00,0x03,
 941          0xC0,0x00,0x00,0x00,0x00,0x00,0x00,0x00,0x00,0x03,0xC0,0x00,0x03,0xFF,0xFF,0xFF,
 942          0xFF,0xFF,0xFF,0xFF,0xFF,0xFF,0xFF,0xFF,0xFF,0xFF,0xFF,0xFF,0xC0,0x00,0x07,0x00,
 943          0x00,0x00,0x00,0x00,0x00,0x00,0x00,0x03,0xC0,0x00,0x00,0x00,0x00,0x00,0x00,0x00,
 944          0x00,0x03,0x80,0x00,0x07,0xFF,0xFF,0xFF,0xFF,0xFF,0xFF,0xFF,0xFF,0xFF,0xFF,0xFF,
 945          0xFF,0xFF,0xFF,0xFF,0xC0,0x00,0x0E,0x00,0x00,0x00,0x00,0x00,0x00,0x00,0x00,0x03,
 946          0xC0,0x00,0x00,0x00,0x00,0x00,0x00,0x00,0x00,0x07,0x80,0x00,0x07,0xFF,0xFF,0xFF,
 947          0xFF,0xFF,0xFF,0xFF,0xFF,0xFF,0xFF,0xFF,0xFF,0xFF,0xFF,0xFF,0x80,0x00,0x0E,0x00,
 948          0x00,0x00,0x00,0x00,0x00,0x00,0x00,0x03,0xC0,0x00,0x00,0x00,0x00,0x00,0x00,0x00,
 949          0x00,0x07,0x00,0x00,0x0F,0xFF,0xFF,0xFF,0xFF,0xFF,0xFF,0xFF,0xFF,0xFF,0xFF,0xFF,
 950          0xFF,0xFF,0xFF,0xFF,0x80,0x00,0x1C,0x00,0x00,0x00,0x00,0x00,0x00,0x00,0x00,0x03,
 951          0xC0,0x00,0x00,0x00,0x00,0x00,0x00,0x00,0x00,0x0E,0x00,0x00,0x0F,0xFF,0xFF,0xFF,
 952          0xFF,0xFF,0xFF,0xFF,0xFF,0xFF,0xFF,0xFF,0xFF,0xFF,0xFF,0xFF,0x00,0x00,0x1C,0x00,
 953          0x00,0x00,0x00,0x00,0x00,0x00,0x00,0x03,0xC0,0x00,0x00,0x00,0x00,0x00,0x00,0x00,
 954          0x00,0x0E,0x00,0x00,0x1F,0xFF,0xFF,0xFF,0xFF,0xFF,0xFF,0xFF,0xFF,0xFF,0xFF,0xFF,
 955          0xFF,0xFF,0xFF,0xFF,0x00,0x00,0x38,0x00,0x00,0x00,0x00,0x00,0x00,0x00,0x00,0x03,
 956          0xC0,0x00,0x00,0x00,0x00,0x00,0x00,0x00,0x00,0x1C,0x00,0x00,0x1F,0xFF,0xFF,0xFF,
 957          0xFF,0xFF,0xFF,0xFF,0xFF,0xFF,0xFF,0xFF,0xFF,0xFF,0xFF,0xFE,0x00,0x00,0x38,0x00,
 958          0x00,0x00,0x00,0x00,0x00,0x00,0x00,0x03,0xC0,0x00,0x00,0x00,0x00,0x00,0x00,0x00,
 959          0x00,0x1C,0x00,0x00,0x3F,0xFF,0xFF,0xFF,0xFF,0xFF,0xFF,0xFF,0xFF,0xFF,0xFF,0xFF,
 960          0xFF,0xFF,0xFF,0xFE,0x00,0x00,0x70,0x00,0x00,0x00,0x00,0x00,0x00,0x00,0x00,0x03,
 961          0xC0,0x00,0x00,0x00,0x00,0x00,0x00,0x00,0x00,0x38,0x00,0x00,0x3F,0xFF,0xFF,0xFF,
 962          0xFF,0xFF,0xFF,0xFF,0xFF,0xFF,0xFF,0xFF,0xFF,0xFF,0xFF,0xFC,0x00,0x00,0x70,0x00,
 963          0x00,0x00,0x00,0x00,0x00,0x00,0x00,0x03,0xC0,0x00,0x00,0x00,0x00,0x00,0x00,0x00,
 964          0x00,0x38,0x00,0x00,0x7F,0xFF,0xFF,0xFF,0xFF,0xFF,0xFF,0xFF,0xFF,0xFF,0xFF,0xFF,
 965          0xFF,0xFF,0xFF,0xFC,0x00,0x00,0xE0,0x00,0x00,0x00,0x00,0x00,0x00,0x00,0x00,0x03,
 966          0xC0,0x00,0x00,0x00,0x00,0x00,0x00,0x00,0x00,0x70,0x00,0x00,0x7F,0xFF,0xFF,0xFF,
 967          0xFF,0xFF,0xFF,0xFF,0xFF,0xFF,0xFF,0xFF,0xFF,0xFF,0xFF,0xF8,0x00,0x00,0xE0,0x00,
 968          0x00,0x00,0x00,0x00,0x00,0x00,0x00,0x03,0xC0,0x00,0x00,0x00,0x00,0x00,0x00,0x00,
 969          0x00,0x70,0x00,0x00,0xFF,0xFF,0xFF,0xFF,0xFF,0xFF,0xFF,0xFF,0xFF,0xFF,0xFF,0xFF,
 970          0xFF,0xFF,0xFF,0xF8,0x00,0x01,0xC0,0x00,0x00,0x00,0x00,0x00,0x00,0x00,0x00,0x03,
 971          0xC0,0x00,0x00,0x00,0x00,0x00,0x00,0x00,0x00,0xE0,0x00,0x00,0xFF,0xFF,0xFF,0xFF,
 972          0xFF,0xFF,0xFF,0xFF,0xFF,0xFF,0xFF,0xFF,0xFF,0xFF,0xFF,0xF0,0x00,0x01,0xC0,0x00,
 973          0x00,0x00,0x00,0x00,0x00,0x00,0x00,0x03,0xC0,0x00,0x00,0x00,0x00,0x00,0x00,0x00,
 974          0x00,0xE0,0x00,0x01,0xFF,0xFF,0xFF,0xFF,0xFF,0xFF,0xFF,0xFF,0xFF,0xFF,0xFF,0xFF,
 975          0xFF,0xFF,0xFF,0xF0,0x00,0x03,0x80,0x00,0x00,0x00,0x00,0x00,0x00,0x00,0x00,0x03,
 976          0xC0,0x00,0x00,0x00,0x00,0x00,0x00,0x00,0x01,0xC0,0x00,0x00,0x00,0x00,0x00,0x00,
 977          0x00,0x00,0x00,0x00,0x00,0x00,0x00,0x00,0x00,0x00,0x00,0x00,0x00,0x03,0x80,0x00,
 978          0x00,0x00,0x00,0x00,0x00,0x00,0x00,0x03,0xC0,0x00,0x00,0x00,0x00,0x00,0x00,0x00,
 979          0x03,0xC0,0x00,0x00,0x00,0x00,0x00,0x00,0x00,0x00,0x00,0x00,0x00,0x00,0x00,0x00,
 980          0x00,0x00,0x00,0x00,0x00,0x07,0x80,0x00,0x00,0x00,0x00,0x00,0x00,0x00,0x00,0x03,
 981          0xC0,0x00,0x00,0x00,0x00,0x00,0x00,0x00,0x03,0x80,0x00,0x00,0x00,0x00,0x00,0x00,
 982          0x00,0x00,0x00,0x00,0x00,0x00,0x00,0x00,0x00,0x00,0x00,0x00,0x00,0x07,0x00,0x00,
 983          0x00,0x00,0x00,0x00,0x00,0x00,0x00,0x03,0xC0,0x00,0x00,0x00,0x00,0x00,0x00,0x00,
 984          0x07,0x80,0x00,0x00,0x00,0x00,0x00,0x00,0x00,0x00,0x00,0x00,0x00,0x00,0x00,0x00,
C51 COMPILER V9.60.7.0   PIC                                                               06/24/2025 13:36:27 PAGE 17  

 985          0x00,0x00,0x00,0x00,0x00,0x0F,0x00,0x00,0x00,0x00,0x00,0x00,0x00,0x00,0x00,0x03,
 986          0xC0,0x00,0x00,0x00,0x00,0x00,0x00,0x00,0x07,0x00,0x00,0x00,0x00,0x00,0x00,0x00,
 987          0x00,0x00,0x00,0x00,0x00,0x00,0x00,0x00,0x00,0x00,0x00,0x00,0x00,0x0E,0x00,0x00,
 988          0x00,0x00,0x00,0x00,0x00,0x00,0x00,0x03,0xC0,0x00,0x00,0x00,0x00,0x00,0x00,0x00,
 989          0x0F,0x00,0x00,0x00,0x00,0x00,0x00,0x00,0x00,0x00,0x00,0x00,0x00,0x00,0x00,0x00,
 990          0x00,0x00,0x00,0x00,0x00,0x1E,0x00,0x00,0x00,0x00,0x00,0x00,0x00,0x00,0x00,0x03,
 991          0xC0,0x00,0x00,0x00,0x00,0x00,0x00,0x00,0x0E,0x00,0x00,0x00,0x00,0x00,0x00,0x00,
 992          0x00,0x00,0x00,0x00,0x00,0x00,0x00,0x00,0x00,0x00,0x00,0x00,0x00,0x1C,0x00,0x00,
 993          0x00,0x00,0x00,0x00,0x00,0x00,0x00,0x03,0xC0,0x00,0x00,0x00,0x00,0x00,0x00,0x00,
 994          0x1E,0x00,0x00,0x00,0x00,0x00,0x00,0x00,0x00,0x00,0x00,0x00,0x00,0x00,0x00,0x00,
 995          0x00,0x00,0x00,0x00,0x00,0x3C,0x00,0x00,0x00,0x00,0x00,0x00,0x00,0x00,0x00,0x03,
 996          0xC0,0x00,0x00,0x00,0x00,0x00,0x00,0x00,0x1C,0x00,0x00,0x00,0x00,0x00,0x00,0x00,
 997          0x00,0x00,0x00,0x00,0x00,0x00,0x00,0x00,0x00,0x00,0x00,0x00,0x00,0x38,0x00,0x00,
 998          0x00,0x00,0x00,0x00,0x00,0x00,0x00,0x03,0xC0,0x00,0x00,0x00,0x00,0x00,0x00,0x00,
 999          0x3C,0x00,0x00,0x00,0x00,0x00,0x00,0x00,0x00,0x00,0x00,0x00,0x00,0x00,0x00,0x00,
1000          0x00,0x00,0x00,0x00,0x00,0x78,0x00,0x00,0x00,0x00,0x00,0x00,0x00,0x00,0x00,0x03,
1001          0xC0,0x00,0x00,0x00,0x00,0x00,0x00,0x00,0x38,0x00,0x00,0x00,0x00,0x00,0x00,0x00,
1002          0x00,0x00,0x00,0x00,0x00,0x00,0x00,0x00,0x00,0x00,0x00,0x00,0x00,0x70,0x00,0x00,
1003          0x00,0x00,0x00,0x00,0x00,0x00,0x00,0x03,0xC0,0x00,0x00,0x00,0x00,0x00,0x00,0x00,
1004          0x78,0x00,0x00,0x00,0x00,0x00,0x00,0x00,0x00,0x00,0x00,0x00,0x00,0x00,0x00,0x00,
1005          0x00,0x00,0x00,0x00,0x00,0xF0,0x00,0x00,0x00,0x00,0x00,0x00,0x00,0x00,0x00,0x03,
1006          0xC0,0x00,0x00,0x00,0x00,0x00,0x00,0x00,0x70,0x00,0x00,0x00,0x00,0x00,0x00,0x00,
1007          0x00,0x00,0x00,0x00,0x00,0x00,0x00,0x00,0x00,0x00,0x00,0x00,0x00,0xE0,0x00,0x00,
1008          0x00,0x00,0x00,0x00,0x00,0x00,0x00,0x03,0xC0,0x00,0x00,0x00,0x00,0x00,0x00,0x00,
1009          0xF0,0x00,0x00,0x00,0x00,0x00,0x00,0x00,0x00,0x00,0x00,0x00,0x00,0x00,0x00,0x00,
1010          0x00,0x00,0x00,0x00,0x01,0xE0,0x00,0x00,0x00,0x00,0x00,0x00,0x00,0x00,0x00,0x03,
1011          0xC0,0x00,0x00,0x00,0x00,0x00,0x00,0x00,0xE0,0x00,0x00,0x00,0x00,0x00,0x00,0x00,
1012          0x00,0x00,0x00,0x00,0x00,0x00,0x00,0x00,0x00,0x00,0x00,0x00,0x01,0xC0,0x00,0x00,
1013          0x00,0x00,0x00,0x00,0x00,0x00,0x00,0x03,0xC0,0x00,0x00,0x00,0x00,0x00,0x00,0x01,
1014          0xFF,0xFF,0xFF,0xFF,0xFF,0xFF,0xFF,0xFF,0xFF,0xFF,0xFF,0xFF,0xFF,0xFF,0xFF,0xFF,
1015          0xFF,0xFF,0xFF,0xFF,0xFF,0xC0,0x00,0x00,0x00,0x00,0x00,0x00,0x00,0x00,0x00,0x03,
1016          0xC0,0x00,0x00,0x00,0x00,0x00,0x00,0x01,0xFF,0xFF,0xFF,0xFF,0xFF,0xFF,0xFF,0xFF,
1017          0xFF,0xFF,0xFF,0xFF,0xFF,0xFF,0xFF,0xFF,0xFF,0xFF,0xFF,0xFF,0xFF,0x80,0x00,0x00,
1018          0x00,0x00,0x00,0x00,0x00,0x00,0x00,0x03,0xC0,0x00,0x00,0x00,0x00,0x00,0x00,0x03,
1019          0xFF,0xFF,0xFF,0xFF,0xFF,0xFF,0xFF,0xFF,0xFF,0xFF,0xFF,0xFF,0xFF,0xFF,0xFF,0xFF,
1020          0xFF,0xFF,0xFF,0xFF,0xFF,0x80,0x00,0x00,0x00,0x00,0x00,0x00,0x00,0x00,0x00,0x03,
1021          0xC0,0x00,0x00,0x00,0x00,0x00,0x00,0x03,0xFF,0xFF,0xFF,0xFF,0xFF,0xFF,0xFF,0xFF,
1022          0xFF,0xFF,0xFF,0xFF,0xFF,0xFF,0xFF,0xFF,0xFF,0xFF,0xFF,0xFF,0xFF,0x00,0x00,0x00,
1023          0x00,0x00,0x00,0x00,0x00,0x00,0x00,0x03,0xC0,0x00,0x00,0x00,0x00,0x00,0x00,0x00,
1024          0x00,0x00,0x00,0x00,0x00,0x00,0x00,0x00,0x00,0x00,0x00,0x00,0x00,0x00,0x00,0x00,
1025          0x00,0x00,0x00,0x00,0x00,0x00,0x00,0x00,0x00,0x00,0x00,0x00,0x00,0x00,0x00,0x03,
1026          0xC0,0x00,0x00,0x00,0x00,0x00,0x00,0x00,0x00,0x00,0x00,0x00,0x00,0x00,0x00,0x00,
1027          0x00,0x00,0x00,0x00,0x00,0x00,0x00,0x00,0x00,0x00,0x00,0x00,0x00,0x00,0x00,0x00,
1028          0x00,0x00,0x00,0x00,0x00,0x00,0x00,0x03,0xC0,0x00,0x00,0x00,0x00,0x00,0x00,0x00,
1029          0x00,0x00,0x00,0x00,0x00,0x00,0x00,0x00,0x00,0x00,0x00,0x00,0x00,0x00,0x00,0x00,
1030          0x00,0x00,0x00,0x00,0x00,0x00,0x00,0x00,0x00,0x00,0x00,0x00,0x00,0x00,0x00,0x03,
1031          0xC0,0x00,0x00,0x00,0x00,0x00,0x00,0x00,0x00,0x00,0x00,0x00,0x00,0x00,0x00,0x00,
1032          0x00,0x00,0x00,0x00,0x00,0x00,0x00,0x00,0x00,0x00,0x00,0x00,0x00,0x00,0x00,0x00,
1033          0x00,0x00,0x00,0x00,0x00,0x00,0x00,0x03,0xC0,0x00,0x00,0x00,0x00,0x00,0x00,0x00,
1034          0x00,0x00,0x00,0x00,0x00,0x00,0x00,0x00,0x00,0x00,0x00,0x00,0x00,0x00,0x00,0x00,
1035          0x00,0x00,0x00,0x00,0x00,0x00,0x00,0x00,0x00,0x00,0x00,0x00,0x00,0x00,0x00,0x03,
1036          0xC0,0x00,0x00,0x00,0x00,0x00,0x00,0x00,0x00,0x00,0x00,0x00,0x00,0x00,0x00,0x00,
1037          0x00,0x00,0x00,0x00,0x00,0x00,0x00,0x00,0x00,0x00,0x00,0x00,0x00,0x00,0x00,0x00,
1038          0x00,0x00,0x00,0x00,0x00,0x00,0x00,0x03,0xC0,0x00,0x00,0x00,0x00,0x00,0x00,0x00,
1039          0x00,0x00,0x00,0x00,0x00,0x00,0x00,0x00,0x00,0x00,0x00,0x00,0x00,0x00,0x00,0x00,
1040          0x00,0x00,0x00,0x00,0x00,0x00,0x00,0x00,0x00,0x00,0x00,0x00,0x00,0x00,0x00,0x03,
1041          0xC0,0x00,0x00,0x00,0x00,0x00,0x00,0x00,0x00,0x00,0x00,0x00,0x00,0x00,0x00,0x00,
1042          0x00,0x00,0x00,0x00,0x00,0x00,0x00,0x00,0x00,0x00,0x00,0x00,0x00,0x00,0x00,0x00,
1043          0x00,0x00,0x00,0x00,0x00,0x00,0x00,0x03,0xC0,0x00,0x00,0x00,0x00,0x00,0x00,0x00,
1044          0x00,0x00,0x00,0x00,0x00,0x00,0x00,0x00,0x00,0x00,0x00,0x00,0x00,0x00,0x00,0x00,
1045          0x00,0x00,0x00,0x00,0x00,0x00,0x00,0x00,0x00,0x00,0x00,0x00,0x00,0x00,0x00,0x03,
1046          0xC0,0x00,0x00,0x00,0x00,0x00,0x00,0x00,0x00,0x00,0x00,0x00,0x00,0x00,0x00,0x00,
C51 COMPILER V9.60.7.0   PIC                                                               06/24/2025 13:36:27 PAGE 18  

1047          0x00,0x00,0x00,0x00,0x00,0x00,0x00,0x00,0x00,0x00,0x00,0x00,0x00,0x00,0x00,0x00,
1048          0x00,0x00,0x00,0x00,0x00,0x00,0x00,0x03,0xC0,0x00,0x00,0x00,0x00,0x00,0x00,0x00,
1049          0x00,0x00,0x00,0x00,0x00,0x00,0x00,0x00,0x00,0x00,0x00,0x00,0x00,0x00,0x00,0x00,
1050          0x00,0x00,0x00,0x00,0x00,0x00,0x00,0x00,0x00,0x00,0x00,0x00,0x00,0x00,0x00,0x03,
1051          0xC0,0x00,0x00,0x00,0x00,0x00,0x00,0x00,0x00,0x00,0x00,0x00,0x00,0x00,0x00,0x00,
1052          0x00,0x00,0x00,0x00,0x00,0x00,0x00,0x00,0x00,0x00,0x00,0x00,0x00,0x00,0x00,0x00,
1053          0x00,0x00,0x00,0x00,0x00,0x00,0x00,0x03,0xC0,0x00,0x00,0x00,0x00,0x00,0x00,0x00,
1054          0x00,0x00,0x00,0x00,0x00,0x00,0x00,0x00,0x00,0x00,0x00,0x00,0x00,0x00,0x00,0x00,
1055          0x00,0x00,0x00,0x00,0x00,0x00,0x00,0x00,0x00,0x00,0x00,0x00,0x00,0x00,0x00,0x03,
1056          0xC0,0x00,0x00,0x00,0x00,0x00,0x00,0x00,0x00,0x00,0x00,0x00,0x00,0x00,0x00,0x00,
1057          0x00,0x00,0x00,0x00,0x00,0x00,0x00,0x00,0x00,0x00,0x00,0x00,0x00,0x00,0x00,0x00,
1058          0x00,0x00,0x00,0x00,0x00,0x00,0x00,0x03,0xC0,0x00,0x00,0x00,0x00,0x00,0x00,0x00,
1059          0x00,0x00,0x00,0x00,0x00,0x00,0x00,0x00,0x00,0x00,0x00,0x00,0x00,0x00,0x00,0x00,
1060          0x00,0x00,0x00,0x00,0x00,0x00,0x00,0x00,0x00,0x00,0x00,0x00,0x00,0x00,0x00,0x03,
1061          0xC0,0x00,0x00,0x00,0x00,0x00,0x00,0x00,0x00,0x00,0x00,0x00,0x00,0x00,0x00,0x00,
1062          0x00,0x00,0x00,0x00,0x00,0x00,0x00,0x00,0x00,0x00,0x00,0x00,0x00,0x00,0x00,0x00,
1063          0x00,0x00,0x00,0x00,0x00,0x00,0x00,0x03,0xC0,0x00,0x00,0x00,0x00,0x00,0x00,0x00,
1064          0x00,0x00,0x00,0x00,0x00,0x00,0x00,0x00,0x00,0x00,0x00,0x00,0x00,0x00,0x00,0x00,
1065          0x00,0x00,0x00,0x00,0x00,0x00,0x00,0x00,0x00,0x00,0x00,0x00,0x00,0x00,0x00,0x03,
1066          0xC0,0x00,0x00,0x00,0x00,0x00,0x00,0x00,0x00,0x00,0x00,0x00,0x00,0x00,0x00,0x00,
1067          0x00,0x00,0x00,0x00,0x00,0x00,0x00,0x00,0x00,0x00,0x00,0x00,0x00,0x00,0x00,0x00,
1068          0x00,0x00,0x00,0x00,0x00,0x00,0x00,0x03,0xC0,0x00,0x00,0x00,0x00,0x00,0x00,0x00,
1069          0x00,0x00,0x00,0x00,0x00,0x00,0x00,0x00,0x00,0x00,0x00,0x00,0x00,0x00,0x00,0x00,
1070          0x00,0x00,0x00,0x00,0x00,0x00,0x00,0x00,0x00,0x00,0x00,0x00,0x00,0x00,0x00,0x03,
1071          0xC0,0x00,0x00,0x00,0x00,0x00,0x00,0x00,0x00,0x00,0x00,0x00,0x00,0x00,0x00,0x00,
1072          0x00,0x00,0x00,0x00,0x00,0x00,0x00,0x00,0x00,0x00,0x00,0x00,0x00,0x00,0x00,0x00,
1073          0x00,0x00,0x00,0x00,0x00,0x00,0x00,0x03,0xC0,0x00,0x00,0x00,0x00,0x00,0x00,0x00,
1074          0x00,0x00,0x00,0x00,0x00,0x00,0x00,0x00,0x00,0x00,0x00,0x00,0x00,0x00,0x00,0x00,
1075          0x00,0x00,0x00,0x00,0x00,0x00,0x00,0x00,0x00,0x00,0x00,0x00,0x00,0x00,0x00,0x03,
1076          0xC0,0x00,0x00,0x00,0x00,0x00,0x00,0x00,0x00,0x00,0x00,0x00,0x00,0x00,0x00,0x00,
1077          0x00,0x00,0x00,0x00,0x00,0x00,0x00,0x00,0x00,0x00,0x00,0x00,0x00,0x00,0x00,0x00,
1078          0x00,0x00,0x00,0x00,0x00,0x00,0x00,0x03,0xC0,0x00,0x00,0x00,0x00,0x00,0x00,0x00,
1079          0x00,0x00,0x00,0x00,0x00,0x00,0x00,0x00,0x00,0x00,0x00,0x00,0x00,0x00,0x00,0x00,
1080          0x00,0x00,0x00,0x00,0x00,0x00,0x00,0x00,0x00,0x00,0x00,0x00,0x00,0x00,0x00,0x03,
1081          0xC0,0x00,0x00,0x00,0x00,0x00,0x00,0x00,0x00,0x00,0x00,0x00,0x00,0x00,0x00,0x00,
1082          0x00,0x00,0x00,0x00,0x00,0x00,0x00,0x00,0x00,0x00,0x00,0x00,0x00,0x00,0x00,0x00,
1083          0x00,0x00,0x00,0x00,0x00,0x00,0x00,0x03,0xC0,0x00,0x00,0x00,0x00,0x00,0x00,0x00,
1084          0x00,0x00,0x00,0x00,0x00,0x00,0x00,0x00,0x00,0x00,0x00,0x00,0x00,0x00,0x00,0x00,
1085          0x00,0x00,0x00,0x00,0x00,0x00,0x00,0x00,0x00,0x00,0x00,0x00,0x00,0x00,0x00,0x03,
1086          0xC0,0x00,0x00,0x00,0x00,0x00,0x00,0x00,0x00,0x00,0x00,0x00,0x00,0x00,0x00,0x00,
1087          0x00,0x00,0x00,0x00,0x00,0x00,0x00,0x00,0x00,0x00,0x00,0x00,0x00,0x00,0x00,0x00,
1088          0x00,0x00,0x00,0x00,0x00,0x00,0x00,0x03,0xC0,0x01,0xFF,0xFF,0xFF,0x80,0x1F,0xFF,
1089          0xFF,0xFC,0x00,0x00,0x00,0x00,0x01,0xFE,0x00,0x00,0xFF,0x00,0x7F,0xFF,0xFF,0xFE,
1090          0x00,0x3F,0x80,0x00,0x03,0xF8,0x01,0xF8,0x00,0x00,0x3F,0xC0,0x1F,0x80,0x00,0x03,
1091          0xC0,0x0F,0xFF,0xFF,0xFF,0xC0,0x1F,0xFF,0xFF,0xFF,0x80,0x00,0x00,0x00,0x01,0xFF,
1092          0x00,0x01,0xFF,0x00,0x7F,0xFF,0xFF,0xFF,0x00,0x7F,0x80,0x00,0x03,0xF8,0x03,0xFC,
1093          0x00,0x00,0x3F,0xC0,0x3F,0xC0,0x00,0x03,0xC0,0x1F,0xFF,0xFF,0xFF,0xC0,0x1F,0xFF,
1094          0xFF,0xFF,0xC0,0x00,0x00,0x00,0x00,0xFF,0x00,0x01,0xFE,0x00,0x7F,0xFF,0xFF,0xFF,
1095          0x80,0x7F,0x80,0x00,0x03,0xF8,0x03,0xFC,0x00,0x00,0x3F,0xC0,0x3F,0xC0,0x00,0x03,
1096          0xC0,0x3F,0xFF,0xFF,0xFF,0xC0,0x1F,0xFF,0xFF,0xFF,0xE0,0x00,0x00,0x00,0x00,0xFF,
1097          0x80,0x03,0xFE,0x00,0x7F,0xFF,0xFF,0xFF,0x80,0x7F,0x80,0x00,0x03,0xF8,0x03,0xFC,
1098          0x00,0x00,0x3F,0xC0,0x3F,0xC0,0x00,0x03,0xC0,0x7F,0xFF,0xFF,0xFF,0xC0,0x1F,0xFF,
1099          0xFF,0xFF,0xF0,0x00,0x00,0x00,0x00,0x7F,0x80,0x03,0xFC,0x00,0x7F,0xFF,0xFF,0xFF,
1100          0x80,0x7F,0x80,0x00,0x03,0xF8,0x03,0xFC,0x00,0x00,0x3F,0xC0,0x3F,0xC0,0x00,0x03,
1101          0xC0,0xFF,0xFF,0xFF,0xFF,0xC0,0x1F,0xFF,0xFF,0xFF,0xF8,0x00,0x00,0x00,0x00,0x7F,
1102          0xC0,0x07,0xFC,0x00,0x7F,0xFF,0xFF,0xFF,0x80,0x7F,0x80,0x00,0x03,0xF8,0x03,0xFC,
1103          0x00,0x00,0x3F,0xC0,0x3F,0xC0,0x00,0x03,0xC0,0xFF,0xFF,0xFF,0xFF,0xC0,0x1F,0xFF,
1104          0xFF,0xFF,0xF8,0x00,0x00,0x00,0x00,0x3F,0xC0,0x07,0xF8,0x00,0x7F,0xFF,0xFF,0xFF,
1105          0x80,0x7F,0x80,0x00,0x03,0xF8,0x03,0xFC,0x00,0x00,0x3F,0xC0,0x3F,0xC0,0x00,0x03,
1106          0xC1,0xFF,0xFF,0xFF,0xFF,0xC0,0x1F,0xFF,0xFF,0xFF,0xFC,0x00,0x00,0x00,0x00,0x3F,
1107          0xE0,0x0F,0xF8,0x00,0x7F,0xFF,0xFF,0xFF,0x80,0x7F,0x80,0x00,0x03,0xF8,0x03,0xFC,
1108          0x00,0x00,0x3F,0xC0,0x1F,0xC0,0x00,0x03,0xC1,0xFF,0x80,0x00,0x00,0x00,0x00,0x00,
C51 COMPILER V9.60.7.0   PIC                                                               06/24/2025 13:36:27 PAGE 19  

1109          0x00,0x0F,0xFC,0x00,0x00,0x00,0x00,0x1F,0xE0,0x0F,0xF0,0x00,0x00,0x00,0x00,0x00,
1110          0x00,0x7F,0x80,0x00,0x03,0xF8,0x03,0xFC,0x00,0x00,0x3F,0xC0,0x00,0x00,0x00,0x03,
1111          0xC1,0xFF,0x00,0x00,0x00,0x00,0x00,0x00,0x00,0x07,0xFC,0x00,0x00,0x00,0x00,0x1F,
1112          0xF0,0x1F,0xF0,0x00,0x00,0x00,0x00,0x00,0x00,0x7F,0x80,0x00,0x03,0xF8,0x03,0xFC,
1113          0x00,0x00,0x3F,0xC0,0x00,0x00,0x00,0x03,0xC1,0xFE,0x00,0x00,0x00,0x00,0x00,0x00,
1114          0x00,0x03,0xFE,0x00,0x00,0x00,0x00,0x0F,0xF0,0x1F,0xE0,0x00,0x00,0x00,0x00,0x00,
1115          0x00,0x7F,0x80,0x00,0x03,0xF8,0x03,0xFC,0x00,0x00,0x3F,0xC0,0x00,0x00,0x00,0x03,
1116          0xC3,0xFC,0x00,0x00,0x00,0x00,0x00,0x00,0x00,0x03,0xFE,0x00,0x00,0x00,0x00,0x0F,
1117          0xF8,0x3F,0xE0,0x00,0x00,0x00,0x00,0x00,0x00,0x7F,0x80,0x00,0x03,0xF8,0x03,0xFC,
1118          0x00,0x00,0x3F,0xC0,0x00,0x00,0x00,0x03,0xC3,0xFC,0x00,0x00,0x00,0x00,0x00,0x00,
1119          0x00,0x01,0xFE,0x00,0x00,0x00,0x00,0x07,0xF8,0x3F,0xC0,0x00,0x00,0x00,0x00,0x00,
1120          0x00,0x7F,0x80,0x00,0x03,0xF8,0x03,0xFC,0x00,0x00,0x3F,0xC0,0x00,0x00,0x00,0x03,
1121          0xC3,0xFC,0x00,0x00,0x00,0x00,0x00,0x00,0x00,0x01,0xFE,0x00,0x00,0x00,0x00,0x07,
1122          0xFC,0x7F,0xC0,0x00,0x00,0x00,0x00,0x00,0x00,0x7F,0x80,0x00,0x03,0xF8,0x03,0xFC,
1123          0x00,0x00,0x3F,0xC0,0x00,0x00,0x00,0x03,0xC3,0xFC,0x00,0x00,0x00,0x00,0x00,0x00,
1124          0x00,0x01,0xFE,0x00,0x00,0x00,0x00,0x03,0xFC,0x7F,0x80,0x00,0x00,0x00,0x00,0x00,
1125          0x00,0x7F,0x80,0x00,0x03,0xF8,0x03,0xFC,0x00,0x00,0x3F,0xC0,0x00,0x00,0x00,0x03,
1126          0xC3,0xFC,0x00,0x00,0x00,0x00,0x00,0x00,0x00,0x01,0xFE,0x00,0x00,0x00,0x00,0x03,
1127          0xFE,0xFF,0x80,0x00,0x00,0x00,0x00,0x00,0x00,0x7F,0x80,0x00,0x03,0xF8,0x03,0xFC,
1128          0x00,0x00,0x3F,0xC0,0x00,0x00,0x00,0x03,0xC3,0xFC,0x00,0x00,0x00,0x00,0x00,0x00,
1129          0x00,0x01,0xFE,0x00,0x00,0x00,0x00,0x01,0xFF,0xFF,0x00,0x00,0x00,0x00,0x00,0x00,
1130          0x00,0x7F,0x80,0x00,0x03,0xF8,0x03,0xFC,0x00,0x00,0x3F,0xC0,0x00,0x00,0x00,0x03,
1131          0xC3,0xFC,0x00,0x00,0x00,0x00,0x00,0x00,0x00,0x01,0xFE,0x00,0x00,0x00,0x00,0x01,
1132          0xFF,0xFF,0x00,0x00,0x00,0x00,0x00,0x00,0x00,0x7F,0x80,0x00,0x07,0xF8,0x03,0xFC,
1133          0x00,0x00,0x3F,0xC0,0x00,0x00,0x00,0x03,0xC3,0xFC,0x00,0x07,0xFF,0xC0,0x1F,0x80,
1134          0x00,0x01,0xFE,0x01,0xFF,0xFF,0xE0,0x00,0xFF,0xFF,0x00,0x00,0x7F,0xFF,0xFF,0xFF,
1135          0x80,0x7F,0xFF,0xFF,0xFF,0xF8,0x03,0xFC,0x00,0x00,0x3F,0xC0,0x1F,0xC0,0x00,0x03,
1136          0xC3,0xFC,0x00,0x07,0xFF,0xC0,0x1F,0xC0,0x00,0x01,0xFE,0x01,0xFF,0xFF,0xE0,0x00,
1137          0xFF,0xFE,0x00,0x00,0xFF,0xFF,0xFF,0xFF,0x80,0x7F,0xFF,0xFF,0xFF,0xF8,0x03,0xFC,
1138          0x00,0x00,0x3F,0xC0,0x3F,0xC0,0x00,0x03,0xC3,0xFC,0x00,0x07,0xFF,0xC0,0x1F,0xC0,
1139          0x00,0x01,0xFE,0x01,0xFF,0xFF,0xE0,0x00,0x7F,0xFE,0x00,0x00,0xFF,0xFF,0xFF,0xFF,
1140          0x80,0x7F,0xFF,0xFF,0xFF,0xF8,0x03,0xFC,0x00,0x00,0x3F,0xC0,0x3F,0xC0,0x00,0x03,
1141          0xC3,0xFC,0x00,0x07,0xFF,0xC0,0x1F,0xC0,0x00,0x01,0xFE,0x01,0xFF,0xFF,0xE0,0x00,
1142          0x7F,0xFC,0x00,0x00,0xFF,0xFF,0xFF,0xFF,0x80,0x7F,0xFF,0xFF,0xFF,0xF8,0x03,0xFC,
1143          0x00,0x00,0x3F,0xC0,0x3F,0xC0,0x00,0x03,0xC3,0xFC,0x00,0x07,0xFF,0xC0,0x1F,0xC0,
1144          0x00,0x01,0xFE,0x01,0xFF,0xFF,0xE0,0x00,0x3F,0xFC,0x00,0x00,0xFF,0xFF,0xFF,0xFF,
1145          0x80,0x7F,0xFF,0xFF,0xFF,0xF8,0x03,0xFC,0x00,0x00,0x3F,0xC0,0x3F,0xC0,0x00,0x03,
1146          0xC3,0xFC,0x00,0x07,0xFF,0xC0,0x1F,0xC0,0x00,0x01,0xFE,0x01,0xFF,0xFF,0xE0,0x00,
1147          0x3F,0xF8,0x00,0x00,0xFF,0xFF,0xFF,0xFF,0x80,0x7F,0xFF,0xFF,0xFF,0xF8,0x03,0xFC,
1148          0x00,0x00,0x3F,0xC0,0x3F,0xC0,0x00,0x03,0xC3,0xFC,0x00,0x07,0xFF,0xC0,0x1F,0xC0,
1149          0x00,0x01,0xFE,0x01,0xFF,0xFF,0xE0,0x00,0x1F,0xF8,0x00,0x00,0xFF,0xFF,0xFF,0xFF,
1150          0x80,0x7F,0xFF,0xFF,0xFF,0xF8,0x03,0xFC,0x00,0x00,0x3F,0xC0,0x3F,0xC0,0x00,0x03,
1151          0xC3,0xFC,0x00,0x07,0xFF,0xC0,0x1F,0xC0,0x00,0x01,0xFE,0x01,0xFF,0xFF,0xE0,0x00,
1152          0x1F,0xF0,0x00,0x00,0xFF,0xFF,0xFF,0xFF,0x80,0x7F,0xFF,0xFF,0xFF,0xF8,0x03,0xFC,
1153          0x00,0x00,0x3F,0xC0,0x3F,0xC0,0x00,0x03,0xC3,0xFC,0x00,0x00,0x3F,0xC0,0x1F,0xC0,
1154          0x00,0x01,0xFE,0x00,0x00,0x00,0x00,0x00,0x0F,0xF0,0x00,0x00,0xFF,0x00,0x00,0x00,
1155          0x00,0x7F,0x80,0x00,0x03,0xF8,0x03,0xFC,0x00,0x00,0x3F,0xC0,0x3F,0xC0,0x00,0x03,
1156          0xC3,0xFC,0x00,0x00,0x3F,0xC0,0x1F,0xC0,0x00,0x01,0xFE,0x00,0x00,0x00,0x00,0x00,
1157          0x0F,0xE0,0x00,0x00,0xFF,0x00,0x00,0x00,0x00,0x7F,0x80,0x00,0x03,0xF8,0x03,0xFC,
1158          0x00,0x00,0x3F,0xC0,0x3F,0xC0,0x00,0x03,0xC3,0xFC,0x00,0x00,0x3F,0xC0,0x1F,0xC0,
1159          0x00,0x01,0xFE,0x00,0x00,0x00,0x00,0x00,0x0F,0xE0,0x00,0x00,0xFF,0x00,0x00,0x00,
1160          0x00,0x7F,0x80,0x00,0x03,0xF8,0x03,0xFC,0x00,0x00,0x3F,0xC0,0x3F,0xC0,0x00,0x03,
1161          0xC3,0xFC,0x00,0x00,0x3F,0xC0,0x1F,0xC0,0x00,0x01,0xFE,0x00,0x00,0x00,0x00,0x00,
1162          0x0F,0xE0,0x00,0x00,0xFF,0x00,0x00,0x00,0x00,0x7F,0x80,0x00,0x03,0xF8,0x03,0xFC,
1163          0x00,0x00,0x3F,0xC0,0x3F,0xC0,0x00,0x03,0xC3,0xFC,0x00,0x00,0x3F,0xC0,0x1F,0xC0,
1164          0x00,0x01,0xFE,0x00,0x00,0x00,0x00,0x00,0x0F,0xE0,0x00,0x00,0xFF,0x00,0x00,0x00,
1165          0x00,0x7F,0x80,0x00,0x03,0xF8,0x03,0xFC,0x00,0x00,0x3F,0xC0,0x3F,0xC0,0x00,0x03,
1166          0xC3,0xFC,0x00,0x00,0x3F,0xC0,0x1F,0xC0,0x00,0x01,0xFE,0x00,0x00,0x00,0x00,0x00,
1167          0x0F,0xE0,0x00,0x00,0xFF,0x00,0x00,0x00,0x00,0x7F,0x80,0x00,0x03,0xF8,0x03,0xFC,
1168          0x00,0x00,0x3F,0xC0,0x3F,0xC0,0x00,0x03,0xC3,0xFC,0x00,0x00,0x3F,0xC0,0x1F,0xC0,
1169          0x00,0x03,0xFE,0x00,0x00,0x00,0x00,0x00,0x0F,0xE0,0x00,0x00,0xFF,0x00,0x00,0x00,
1170          0x00,0x7F,0x80,0x00,0x03,0xF8,0x03,0xFC,0x00,0x00,0x3F,0xC0,0x3F,0xC0,0x00,0x03,
C51 COMPILER V9.60.7.0   PIC                                                               06/24/2025 13:36:27 PAGE 20  

1171          0xC1,0xFE,0x00,0x00,0x3F,0xC0,0x1F,0xC0,0x00,0x03,0xFC,0x00,0x00,0x00,0x00,0x00,
1172          0x0F,0xE0,0x00,0x00,0xFF,0x00,0x00,0x00,0x00,0x7F,0x80,0x00,0x03,0xF8,0x03,0xFE,
1173          0x00,0x00,0x3F,0xC0,0x3F,0xC0,0x00,0x03,0xC1,0xFF,0x00,0x00,0x3F,0xC0,0x1F,0xC0,
1174          0x00,0x07,0xFC,0x00,0x00,0x00,0x00,0x00,0x0F,0xE0,0x00,0x00,0xFF,0x00,0x00,0x00,
1175          0x00,0x7F,0x80,0x00,0x03,0xF8,0x03,0xFF,0x00,0x00,0x3F,0xC0,0x3F,0xC0,0x00,0x03,
1176          0xC1,0xFF,0x80,0x00,0x3F,0xC0,0x1F,0xE0,0x00,0x0F,0xFC,0x00,0x00,0x00,0x00,0x00,
1177          0x0F,0xE0,0x00,0x00,0xFF,0x00,0x00,0x00,0x00,0x7F,0x80,0x00,0x03,0xF8,0x01,0xFF,
1178          0x80,0x00,0x3F,0xC0,0x3F,0xC0,0x00,0x03,0xC1,0xFF,0xFF,0xFF,0xFF,0xC0,0x1F,0xFF,
1179          0xFF,0xFF,0xFC,0x00,0x00,0x00,0x00,0x00,0x0F,0xE0,0x00,0x00,0xFF,0xFF,0xFF,0xFF,
1180          0x80,0x7F,0x80,0x00,0x03,0xF8,0x01,0xFF,0xFF,0xFF,0xFF,0xC0,0x3F,0xC0,0x00,0x03,
1181          0xC0,0xFF,0xFF,0xFF,0xFF,0xC0,0x1F,0xFF,0xFF,0xFF,0xF8,0x00,0x00,0x00,0x00,0x00,
1182          0x0F,0xE0,0x00,0x00,0xFF,0xFF,0xFF,0xFF,0x80,0x7F,0x80,0x00,0x03,0xF8,0x01,0xFF,
1183          0xFF,0xFF,0xFF,0xC0,0x3F,0xC0,0x00,0x03,0xC0,0xFF,0xFF,0xFF,0xFF,0xC0,0x1F,0xFF,
1184          0xFF,0xFF,0xF8,0x00,0x00,0x00,0x00,0x00,0x0F,0xE0,0x00,0x00,0xFF,0xFF,0xFF,0xFF,
1185          0x80,0x7F,0x80,0x00,0x03,0xF8,0x00,0xFF,0xFF,0xFF,0xFF,0xC0,0x3F,0xC0,0x00,0x03,
1186          0xC0,0x7F,0xFF,0xFF,0xFF,0xC0,0x1F,0xFF,0xFF,0xFF,0xF0,0x00,0x00,0x00,0x00,0x00,
1187          0x0F,0xE0,0x00,0x00,0xFF,0xFF,0xFF,0xFF,0x80,0x7F,0x80,0x00,0x03,0xF8,0x00,0x7F,
1188          0xFF,0xFF,0xFF,0xC0,0x3F,0xC0,0x00,0x03,0xC0,0x3F,0xFF,0xFF,0xFF,0xC0,0x1F,0xFF,
1189          0xFF,0xFF,0xE0,0x00,0x00,0x00,0x00,0x00,0x0F,0xE0,0x00,0x00,0xFF,0xFF,0xFF,0xFF,
1190          0x80,0x7F,0x80,0x00,0x03,0xF8,0x00,0x7F,0xFF,0xFF,0xFF,0xC0,0x3F,0xC0,0x00,0x03,
1191          0xC0,0x1F,0xFF,0xFF,0xFF,0xC0,0x1F,0xFF,0xFF,0xFF,0xC0,0x00,0x00,0x00,0x00,0x00,
1192          0x0F,0xE0,0x00,0x00,0xFF,0xFF,0xFF,0xFF,0x80,0x7F,0x80,0x00,0x03,0xF8,0x00,0x1F,
1193          0xFF,0xFF,0xFF,0xC0,0x3F,0xC0,0x00,0x03,0xC0,0x0F,0xFF,0xFF,0xFF,0xC0,0x1F,0xFF,
1194          0xFF,0xFF,0x00,0x00,0x00,0x00,0x00,0x00,0x0F,0xF0,0x00,0x00,0xFF,0xFF,0xFF,0xFF,
1195          0x80,0x7F,0x80,0x00,0x03,0xF8,0x00,0x0F,0xFF,0xFF,0xFF,0xC0,0x3F,0xC0,0x00,0x03,
1196          0xC0,0x00,0xFF,0xFF,0xFF,0xC0,0x1F,0xFF,0xFF,0xF8,0x00,0x00,0x00,0x00,0x00,0x00,
1197          0x0F,0xE0,0x00,0x00,0x7F,0xFF,0xFF,0xFF,0x00,0x3F,0x80,0x00,0x03,0xF8,0x00,0x00,
1198          0xFF,0xFF,0xFF,0xC0,0x1F,0xC0,0x00,0x03,0xC0,0x00,0x00,0x00,0x00,0x00,0x00,0x00,
1199          0x00,0x00,0x00,0x00,0x00,0x00,0x00,0x00,0x00,0x00,0x00,0x00,0x00,0x00,0x00,0x00,
1200          0x00,0x00,0x00,0x00,0x00,0x00,0x00,0x00,0x00,0x00,0x00,0x00,0x00,0x00,0x00,0x03,
1201          0xC0,0x00,0x00,0x00,0x00,0x00,0x00,0x00,0x00,0x00,0x00,0x00,0x00,0x00,0x00,0x00,
1202          0x00,0x00,0x00,0x00,0x00,0x00,0x00,0x00,0x00,0x00,0x00,0x00,0x00,0x00,0x00,0x00,
1203          0x00,0x00,0x00,0x00,0x00,0x00,0x00,0x03,0xC0,0x00,0x00,0x00,0x00,0x00,0x00,0x00,
1204          0x00,0x00,0x00,0x00,0x00,0x00,0x00,0x00,0x00,0x00,0x00,0x00,0x00,0x00,0x00,0x00,
1205          0x00,0x00,0x00,0x00,0x00,0x00,0x00,0x00,0x00,0x00,0x00,0x00,0x00,0x00,0x00,0x03,
1206          0xFF,0xFF,0xFF,0xFF,0xFF,0xFF,0xFF,0xFF,0xFF,0xFF,0xFF,0xFF,0xFF,0xFF,0xFF,0xFF,
1207          0xFF,0xFF,0xFF,0xFF,0xFF,0xFF,0xFF,0xFF,0xFF,0xFF,0xFF,0xFF,0xFF,0xFF,0xFF,0xFF,
1208          0xFF,0xFF,0xFF,0xFF,0xFF,0xFF,0xFF,0xFF,0xFF,0xFF,0xFF,0xFF,0xFF,0xFF,0xFF,0xFF,
1209          0xFF,0xFF,0xFF,0xFF,0xFF,0xFF,0xFF,0xFF,0xFF,0xFF,0xFF,0xFF,0xFF,0xFF,0xFF,0xFF,
1210          0xFF,0xFF,0xFF,0xFF,0xFF,0xFF,0xFF,0xFF,0xFF,0xFF,0xFF,0xFF,0xFF,0xFF,0xFF,0xFF
1211          
1212          };
1213          
1214          unsigned char code cgtab[][32]= {
1215          /*--  ????:  ?  --*/
1216          /*--  ????12;  ????????????????????x??=16x16   --*/
1217          0x40,0x40,0x20,0x20,0x27,0xFE,0x09,0x20,0x89,0x20,0x52,0x7C,0x52,0x44,0x16,0xA8,
1218          0x2B,0x98,0x22,0x50,0xE2,0x20,0x22,0x30,0x22,0x50,0x22,0x88,0x23,0x0E,0x22,0x04,
1219          
1220          /*--  ????:  ??  --*/
1221          /*--  ????12;  ????????????????????x??=16x16   --*/
1222          0x00,0x00,0x1F,0xF0,0x10,0x10,0x10,0x10,0x10,0x10,0x10,0x10,0x1F,0xF0,0x10,0x10,
1223          0x10,0x10,0x10,0x10,0x10,0x10,0x10,0x10,0x1F,0xF0,0x10,0x10,0x00,0x00,0x00,0x00,
1224          
1225          /*--  ????:  ?  --*/
1226          /*--  ????12;  ????????????????????x??=16x16   --*/
1227          0x20,0x90,0x20,0x90,0x27,0xFC,0x20,0x90,0xFB,0xF8,0x22,0x08,0x73,0xF8,0x6A,0x08,
1228          0xA3,0xF8,0xA0,0x40,0x27,0xFE,0x20,0x40,0x20,0xA0,0x20,0x98,0x21,0x0E,0x26,0x04,
1229          
1230          /*--  ????:  ??  --*/
1231          /*--  ????12;  ????????????????????x??=16x16   --*/
1232          0x10,0x00,0x19,0xF8,0x11,0x08,0x25,0x08,0x25,0x08,0x79,0xF8,0x09,0x08,0x11,0x08,
C51 COMPILER V9.60.7.0   PIC                                                               06/24/2025 13:36:27 PAGE 21  

1233          0x21,0x08,0x7D,0xF8,0x01,0x08,0x01,0x08,0x0D,0x08,0x73,0xFE,0x00,0x00,0x00,0x00,
1234          
1235          };
1236          
1237          unsigned char code tab[]={
1238          /* [字库]：[HZK1616宋体] [数据排列]:从左到右从上到下 [取模方式]:纵向8点下高位 [正负反色]:否 [去掉重复后]共
             -10个字符
1239          [总字符库]："广东烨辉科技有限公司"*/
1240          
1241          /*-- ID:0,字符:"广",ASCII编码:B9E3,对应字:宽x高=16x16,画布:宽W=16 高H=16,共32字节*/
1242          0x00,0x00,0xfc,0x04,0x04,0x04,0x04,0x05,0x06,0x04,0x04,0x04,0x04,0x06,0x04,0x00,
1243          0x40,0x30,0x0f,0x00,0x00,0x00,0x00,0x00,0x00,0x00,0x00,0x00,0x00,0x00,0x00,0x00,
1244          
1245          /*-- ID:1,字符:"东",ASCII编码:B6AB,对应字:宽x高=16x16,画布:宽W=16 高H=16,共32字节*/
1246          0x08,0x08,0x08,0x88,0x68,0x18,0x0f,0xe8,0x08,0x08,0x08,0x88,0x08,0x0c,0x08,0x00,
1247          0x00,0x40,0x21,0x11,0x0d,0x41,0x81,0x7f,0x01,0x05,0x09,0x31,0x61,0x00,0x00,0x00,
1248          
1249          /*-- ID:2,字符:"烨",ASCII编码:ECC7,对应字:宽x高=16x16,画布:宽W=16 高H=16,共32字节*/
1250          0x80,0x70,0x00,0xff,0x20,0x98,0x40,0xf8,0x07,0x40,0x7f,0xa0,0x90,0xc8,0x00,0x00,
1251          0x80,0x60,0x18,0x07,0x08,0x34,0x04,0x05,0x04,0xff,0x04,0x04,0x04,0x06,0x04,0x00,
1252          
1253          /*-- ID:3,字符:"辉",ASCII编码:BBD4,对应字:宽x高=16x16,画布:宽W=16 高H=16,共32字节*/
1254          0x44,0x48,0xd0,0x7f,0xd0,0x4c,0x48,0xa6,0x62,0x3a,0xa2,0x22,0x32,0x26,0x02,0x00,
1255          0x40,0x30,0x0f,0x00,0x3f,0x10,0x08,0x09,0x09,0x09,0xff,0x09,0x09,0x0d,0x08,0x00,
1256          
1257          /*-- ID:4,字符:"科",ASCII编码:BFC6,对应字:宽x高=16x16,画布:宽W=16 高H=16,共32字节*/
1258          0x24,0x24,0x24,0xa4,0xfe,0xa3,0x22,0x00,0x24,0x48,0x00,0xff,0x00,0x80,0x00,0x00,
1259          0x10,0x08,0x06,0x01,0xff,0x00,0x01,0x02,0x02,0x02,0x02,0xff,0x01,0x01,0x01,0x00,
1260          
1261          /*-- ID:5,字符:"技",ASCII编码:BCBC,对应字:宽x高=16x16,画布:宽W=16 高H=16,共32字节*/
1262          0x10,0x10,0x10,0xff,0x10,0x10,0x88,0x88,0x88,0xff,0x88,0x88,0x8c,0x08,0x00,0x00,
1263          0x04,0x44,0x82,0x7f,0x01,0x80,0x81,0x46,0x28,0x10,0x28,0x26,0x41,0xc0,0x40,0x00,
1264          
1265          /*-- ID:6,字符:"有",ASCII编码:D3D0,对应字:宽x高=16x16,画布:宽W=16 高H=16,共32字节*/
1266          0x04,0x04,0x04,0x84,0xe4,0x3c,0x27,0x24,0x24,0x24,0x24,0xf4,0x24,0x06,0x04,0x00,
1267          0x04,0x02,0x01,0x00,0xff,0x09,0x09,0x09,0x09,0x49,0x89,0x7f,0x00,0x00,0x00,0x00,
1268          
1269          /*-- ID:7,字符:"限",ASCII编码:CFDE,对应字:宽x高=16x16,画布:宽W=16 高H=16,共32字节*/
1270          0x00,0xfe,0x02,0x22,0xda,0x06,0x00,0xfe,0x92,0x92,0x92,0x92,0xff,0x02,0x00,0x00,
1271          0x00,0xff,0x08,0x10,0x08,0x07,0x00,0xff,0x42,0x24,0x08,0x14,0x22,0x61,0x20,0x00,
1272          
1273          /*-- ID:8,字符:"公",ASCII编码:B9AB,对应字:宽x高=16x16,画布:宽W=16 高H=16,共32字节*/
1274          0x00,0x00,0x80,0x40,0x30,0x0c,0x00,0xc0,0x06,0x18,0x20,0x40,0x80,0x80,0x80,0x00,
1275          0x01,0x01,0x00,0x30,0x28,0x24,0x23,0x20,0x20,0x28,0x30,0x60,0x00,0x01,0x00,0x00,
1276          
1277          /*-- ID:9,字符:"司",ASCII编码:CBBE,对应字:宽x高=16x16,画布:宽W=16 高H=16,共32字节*/
1278          0x10,0x10,0x92,0x92,0x92,0x92,0x92,0x92,0xd2,0x9a,0x12,0x02,0xff,0x02,0x00,0x00,
1279          0x00,0x00,0x3f,0x10,0x10,0x10,0x10,0x10,0x3f,0x00,0x40,0x80,0x7f,0x00,0x00,0x00
1280          
1281          
1282          };


MODULE INFORMATION:   STATIC OVERLAYABLE
   CODE SIZE        =   ----    ----
   CONSTANT SIZE    =  19648    ----
   XDATA SIZE       =   ----    ----
   PDATA SIZE       =   ----    ----
   DATA SIZE        =   ----    ----
   IDATA SIZE       =   ----    ----
   BIT SIZE         =   ----    ----
END OF MODULE INFORMATION.

C51 COMPILER V9.60.7.0   PIC                                                               06/24/2025 13:36:27 PAGE 22  


C51 COMPILATION COMPLETE.  0 WARNING(S),  0 ERROR(S)
